原文行,名字,章节
《中山經》薄山之首，曰甘棗之山。共水出焉，而西流注于河。其上多杻木，其下有草焉，葵本而杏葉，黃華而莢實，名曰蘀，可以已瞢。有獸焉，其狀如𤠢鼠而文題，其名曰㔮，食之已癭。,"甘棗之山,𤠢鼠,薄山,共水,㔮,河,杏,杻,葵,蘀,癭,瞢",中山經
又東二十里，曰歷兒之山，其上多橿，多櫔木，是木也，方莖而員葉，黃華而毛，其實如揀，服之不忘。,"歷兒之山,櫔木,服,橿,忘,毛",中山經
又東十五里，曰渠豬之山，其上多竹。渠豬之水出焉，而南流注于河。其中是多豪魚，狀如鮪，赤喙尾赤羽，可以已白癬。,"渠豬之山,渠豬之水,豪魚,白癬,鮪,羽,河,竹",中山經
又東三十五里，曰葱聾之山，其中多大谷，是多白堊，黑、青、黃堊。,"葱聾之山,大谷,白堊",中山經
又東十五里，曰涹山，其上多赤銅，其陰多鐵。,"涹山,赤銅,鐵",中山經
又東七十里，曰脫扈之山。有草焉，其狀如葵葉而赤華，莢實，實如椶莢，名曰植楮，可以已癙，食之不眯。,"脫扈之山,植楮,葵,眯,癙",中山經
又東二十里，曰金星之山，多天嬰，其狀如龍骨，可以已痤。,"金星之山,天嬰,龍骨,痤",中山經
又東七十里，曰泰威之山，其中有谷曰梟谷，其中多鐵。,"泰威之山,梟谷,鐵",中山經
又東十五里，曰橿谷之山，其中多赤銅。,"橿谷之山,赤銅",中山經
又北三十里，曰牛首之山。有草焉，名曰鬼草，其葉如葵而赤莖，其秀如禾，服之不憂。勞水出焉，而西流注于潏水。是多飛魚，其狀如鮒魚，食之已痔衕。,"牛首之山,飛魚,潏水,勞水,鬼草,鮒,服,禾,葵,憂,痔,衕",中山經
又北四十里，曰霍山，其木多穀。有獸焉，其狀如狸，而白尾有鬣，名曰朏朏，養之可以已憂。,"朏朏,霍山,狸,憂",中山經
又北五十二里，曰合谷之山，是多薝棘。,"合谷之山,棘",中山經
又北三十五里，曰陰山，多礪石、文石。少水出焉，其中多彫棠，其葉如榆葉而方，其實如赤菽，食之已聾。,"少水,彫棠,赤菽,文石,榆,聾,礪",中山經
又東北四百里，曰鼓鐙之山，多赤銅。有草焉，名曰榮草，其葉如柳，其本如鷄卵，食之已風。,"榮草,赤銅,鷄,風",中山經
凡薄山之首，自甘棗之山至于鼓鐙之山，凡十五山，六千六百七十里。歷兒，冢也，其祠禮：毛，太牢之具；縣以吉玉。其餘十三山者，毛用一羊，縣嬰用桑封，瘞而不糈。桑封者，桑主也，方其下而銳其上，而中穿之加金。,"甘棗之山,薄山,太牢,桑主,吉玉,羊,縣,瘞,嬰,毛,糈,金",中山經
《中次二經》濟山之首，曰煇諸之山，其上多桑，其獸多閭麋，其鳥多鶡。,"煇諸之山,濟山,閭,麋,鶡,桑",中山經
又西南二百里，曰發視之山，其上多金玉，其下多砥礪。即魚之水出焉，而西流注于伊水。,"發視之山,即魚之水,伊水,玉,砥,金,礪",中山經
又西三百里，曰豪山，其上多金玉而無草木。,"豪山,玉,金",中山經
又西三百里，曰鮮山，多金玉，無草木。鮮水出焉，而北流注于伊水。其中多鳴蛇，其狀如蛇而四翼，其音如磬，見則其邑大旱。,"鳴蛇,鮮山,鮮水,伊水,磬,玉,金",中山經
又西三百里，曰陽山，多石，無草木。陽水出焉，而北流注于伊水。其中多化蛇，其狀如人面而豺身，鳥翼而蛇行，其音如叱呼，見則其邑大水。,"化蛇,陽山,陽水,伊水,豺,石",中山經
又西二百里，曰昆吾之山，其上多赤銅。有獸焉，其狀如彘而有角，其音如號，名曰蠪蚳，食之不眯。,"昆吾之山,蠪蚳,赤銅,彘,眯",中山經
又西百二十里，曰葌山，葌水出焉，而北流注于伊水，其上多金玉，其下多青雄黃。有木焉，其狀如棠而赤葉，名曰芒草，可以毒魚。,"伊水,葌水,芒草,棠,玉,金",中山經
又西二百里，曰蔓渠之山，其上多金玉，其下多竹箭。伊水出焉，而東流注于洛。有獸焉，其名曰馬腹，其狀如人面虎身，其音如嬰兒，是食人。,"蔓渠之山,馬腹,伊水,竹箭,虎,嬰,玉,金",中山經
凡濟山經之首，自輝諸之山至于蔓渠之山，凡九山，一千六百七十里，其神皆人面而鳥身。祠用毛，用一吉玉，投而不糈。,"蔓渠之山,濟山,吉玉,投,毛,糈",中山經
《中次三經》萯山之首，曰敖岸之山，其陽多㻬琈之玉，其陰多赭、黃金。神熏池居之。是常出美玉。北望河林，其狀如蒨如舉。有獸焉，其狀如白鹿而四角，名曰夫諸，見則其邑大水。,"敖岸之山,㻬琈之玉,熏池,夫諸,白鹿,萯山,河林,美玉,舉,蒨,赭,金",中山經
又東十里，曰青要之山，實維帝之密都。北望河曲，是多駕鳥。南望墠渚，禹父之所化，是多僕纍、蒲盧。䰠武羅司之，其狀人面而豹文，小腰而白齒，而穿耳以鐻，其鳴如鳴玉。是山也，宜女子。畛水出焉，而北流注于河。其中有鳥焉，名曰鴢，其狀如鳧，青身而朱目赤尾，食之宜子。有草焉，其狀如葌，而方莖黃華赤實，其本如藁本，名曰荀草，服之美人色。,"青要之山,䰠武羅,僕纍,蒲盧,駕鳥,畛水,河曲,墠渚,荀草,鳴玉,禹,鳧,帝,豹,鴢,服,藁,鐻",中山經
又東十里，曰騩山，其上有美棗，其陰有㻬琈之玉。正回之水出焉，而北流注于河。其中多飛魚，其狀如豚而赤文，服之不畏雷，可以禦兵。,"正回之水,㻬琈之玉,飛魚,騩山,美棗,豚,服,河",中山經
又東四十里，曰宜蘇之山，其上多金玉，其下多蔓居之木。滽滽之水出焉，而北流注于河，是多黃貝。,"蔓居之木,滽滽之水,河,蘇,玉,金",中山經
又東二十里，曰和山，其上無草木而多瑤碧，實惟河之九都。是山也五曲，九水出焉，合而北流注于河，其中多蒼玉。吉神泰逢司之，其狀如人而虎尾，是好居于萯山之陽，出入有光。太逢神動天地氣也。,"吉神泰逢,河之九都,太逢,萯山,和山,九水,蒼玉,虎,碧",中山經
凡萯山之首，自敖岸之山至于和山，凡五山，四百四十里。其祠太逢、熏池、武羅皆一牡羊副，嬰用吉玉。其二神用一雄鷄瘞之，糈用稌。,"敖岸之山,武羅,熏池,太逢,萯山,和山,牡羊,吉玉,雄鷄,瘞,嬰,糈",中山經
《中次四經》釐山之首，曰鹿蹄之山，其上多玉，其下多金。甘水出焉，而北流注于洛，其中多泠石。,"鹿蹄之山,釐山,甘水,泠石,玉,金",中山經
西五十里，曰扶豬之山，其上多礝石。有獸焉，其狀如貉而人目，其名曰䴦。虢水出焉，而北流注于洛，其中多瓀石。,"扶豬之山,虢水,礝石,瓀石,貉,䴦",中山經
又西一百二十里，曰釐山，其陽多玉，其陰多蒐。有獸焉，其狀如牛，蒼身，其音如嬰兒，是食人，其名曰犀渠。滽滽之水出焉，而南流注于伊水。有獸焉，名曰𤢺，其狀如獳犬而有鱗，其毛如彘鬣。,"滽滽之水,犀渠,獳犬,釐山,伊水,𤢺,彘,牛,蒐,嬰,毛,玉",中山經
又西二百里，曰箕尾之山，多穀，多涂石，其上多㻬琈之玉。,"箕尾之山,㻬琈之玉,涂石",中山經
又西二百五十里，曰柄山，其上多玉，其下多銅。滔雕之水出焉，而北流注于洛。其中多羬羊。有木焉，其狀如樗，其葉如桐而莢實，其名曰茇，可以毒魚。,"滔雕之水,羬羊,柄山,桐,樗,茇,玉,銅",中山經
又西二百里，曰白邊之山，其上多金玉，其下多青雄黃。,"白邊之山,玉,金",中山經
又西二百里，曰熊耳之山，其上多漆，其下多椶。浮濠之水出焉，而西流注于洛，其中多水玉，多人魚。有草焉，其狀如蘇而赤華，名曰葶䔭，可以毒魚。,"浮濠之水,人魚,葶䔭,水玉,熊,漆,蘇",中山經
又西三百里，曰牡山，其上多文石，其下多竹箭、竹䉋，其獸多㸲牛、羬羊，鳥多赤鷩。,"㸲牛,羬羊,赤鷩,牡山,竹䉋,竹箭,文石",中山經
又西三百五十里，曰讙舉之山。雒水出焉，而東北流注于玄扈之水。其中多馬腸之物。此二山者，洛間也。,"馬腸之物,讙舉之山,玄扈之水,雒水",中山經
凡釐山之首，自鹿蹄之山至于玄扈之山，凡九山，千六百七十里。其神狀皆人面獸身。其祠之，毛用一白鷄，祈而不糈，以彩衣之。,"玄扈之山,鹿蹄之山,釐山,白鷄,祈,毛,糈",中山經
《中次五經》薄山之首，曰苟床之山，無草木，多怪石。,"薄山,石",中山經
東三百里，曰首山，其陰多穀柞，草多𦬸芫，其陽多㻬琈之玉，木多槐；其陰有谷，曰机谷，多𩿁鳥，其狀如梟而三目，有耳，其音如錄，食之已墊。,"㻬琈之玉,首山,机谷,梟,柞,槐,芫,𦬸,墊",中山經
又東三百里，曰縣斸之山，無草木，多文石。,"縣斸之山,文石",中山經
又東三百里，曰葱聾之山，無草木，多𢈦石。,"葱聾之山,𢈦石",中山經
東北五百里，曰條谷之山，其木多槐桐，其草多芍藥、𧄸冬。,"條谷之山,𧄸冬,芍藥,槐,桐",中山經
又北十里，曰超山，其陰多蒼玉，其陽有井，冬有水而夏竭。,"超山,蒼玉",中山經
又東五百里，曰成侯之山，其上多椿木，其草多芃。,"成侯之山,芃",中山經
又東五百里，曰朝歌之山，谷多美堊。,"朝歌之山,美堊",中山經
又東五百里，曰槐山，谷多金錫。,"槐山,錫,金",中山經
又東十里，曰歷山，其木多槐，其陽多玉。,"歷山,槐,玉",中山經
又東十里，曰尸山，多蒼玉，其獸多麖。尸水出焉，南流注于洛水，其中多美玉。,"尸山,洛水,尸水,蒼玉,美玉,麖",中山經
又東十里，曰良餘之山，其上多穀柞，無石。餘水出于其陰，而北流注于河；乳水出于其陽，而東南流注于洛。,"良餘之山,餘水,乳水,河,柞,石",中山經
又東南十里，曰蠱尾之山，多礪石、赤銅。龍餘之水出焉，而東南流注于洛。,"蠱尾之山,龍餘之水,赤銅,礪,石",中山經
又東北二十里，曰升山，其木多穀柞棘，其草多藷藇蕙，多寇脫。黃酸之水出焉，而北流注于河，其中多琁玉。,"升山,藷藇,琁玉,河,柞,棘,蕙",中山經
又東十二里，曰陽虛之山，多金，臨于玄扈之水。,"玄扈之水,金",中山經
凡薄山之首，自苟林之山至于陽虛之山，凡十六山，二千九百八十二里。升山，冢也。其祠禮：太牢，嬰用吉玉。首山，䰠也，其祠用稌、黑犧、太牢之具、蘖釀；干儛，置鼓；嬰用一璧。尸水，合天也，肥牲祠之，用一黑犬于上，用一雌鷄于下，刉一牝羊，獻血。嬰用吉玉，彩之，饗之。,"苟林之山,干儛,首山,升山,薄山,尸水,獻血,牝羊,太牢,吉玉,蘖釀,犬,鷄,饗,嬰,刉,璧",中山經
《中次六經》縞羝山之首，曰平逢之山，南望伊洛，東望穀城之山，無草無木，水多沙石。有神焉，其狀如人而二首，名曰驕蟲，是為螫蟲，實惟蜂蜜之廬。其祠之：用一雄鷄，禳而勿殺。,"蜂蜜之廬,平逢之山,縞羝山,驕蟲,螫蟲,雄鷄,沙石,禳",中山經
西十里，曰縞羝之山，無草木，多金玉。,"縞羝之山,玉,金",中山經
又西十里，曰廆山，其陰多㻬琈之玉。其西有谷焉，名曰雚谷，其木多柳楮。其中有鳥焉，狀如山鷄而長尾，赤如丹火而青喙，名曰鴒䳩，其鳴自呼，服之不眯。交觴之水出于其陽，而南流注于洛；俞隨之水出于其陰，而北流注于穀水。,"俞隨之水,交觴之水,㻬琈之玉,山鷄,廆山,雚谷,服,楮,眯,丹",中山經
又西三十里，曰瞻諸之山，其陽多金，其陰多文石。㴬水出焉，而東南流注于洛；少水出其陰，而東流注于穀水。,"瞻諸之山,㴬水,少水,文石,金",中山經
又西三十里，曰婁涿之山，無草木，多金玉。瞻水出于其陽，而東流注于洛；陂水出于其陰，而北流注于穀水，其中多茈石、文石。,"婁涿之山,瞻水,陂水,文石,茈石,玉,金",中山經
又西四十里，曰白石之山，惠水出于其陽，而南流注于洛，其中多水玉。澗水出于其陰，西北流注于穀水，其中多麋石、櫨丹。,"白石之山,惠水,澗水,櫨丹,麋石,水玉",中山經
又西五十里，曰穀山，其上多穀，其下多桑。爽水出焉，而西北流注于穀水，其中多碧綠。,"爽水,桑,碧",中山經
又西七十二里，曰密山，其陽多玉，其陰多鐵。豪水出焉，而南流注于洛，其中多旋龜，其狀鳥首而鱉尾，其音如判木。無草木。,"旋龜,判木,豪水,玉,鐵",中山經
又西百里，曰長石之山，無草木，多金玉。其西有谷焉，名曰共谷，多竹。共水出焉，西南流注于洛，其中多鳴石。,"長石之山,共水,共谷,鳴石,竹,玉,金",中山經
又西一百四十里，曰傅山，無草木，多瑤碧。厭染之水出于其陽，而南流注于洛，其中多人魚。其西有林焉，名曰墦冢。穀水出焉，而東流注于洛，其中多珚玉。,"厭染之水,人魚,傅山,墦冢,珚玉,碧",中山經
又西五十里，曰橐山，其木多樗，多𣖾木，其陽多金玉，其陰多鐵，多蕭。橐水出焉，而北流注于河。其中多脩辟之魚，狀如黽而白喙，其音如鴟，食之已白癬。,"脩辟之魚,橐山,橐水,𣖾木,白癬,鴟,黽,河,樗,蕭,玉,金,鐵",中山經
又西九十里，曰常烝之山，無草木，多堊。潐水出焉，而東北流注于河，其中多蒼玉。菑水出焉，而北流注于河。,"常烝之山,菑水,潐水,蒼玉,河,堊",中山經
又西九十里，曰夸父之山，其木多椶柟，多竹箭，其獸多㸲牛、羬羊，其鳥多鷩，其陽多玉，其陰多鐵。其北有林焉，名曰桃林，是廣員三百里，其中多馬。湖水出焉，而北流注于河，其中多珚玉。,"夸父之山,㸲牛,羬羊,桃林,湖水,竹箭,珚玉,馬,鷩,河,柟,鐵",中山經
又西九十里，曰陽華之山，其陽多金玉，其陰多青雄黃，其草多藷藇，多苦辛，其狀如橚，其實如瓜，其味酸甘，食之已瘧。楊水出焉，而西南流注于洛，其中多人魚。門水出焉，而東北流注于河，其中多玄䃤。𦁎姑之水出于其陰，而東流注于門水，其上多銅。門水至于河，七百九十里入雒水。,"陽華之山,𦁎姑之水,人魚,楊水,雒水,門水,藷藇,玄䃤,河,橚,瘧,玉,金,銅",中山經
凡縞羝山之首，自平逢之山至于陽華之山，凡十四山，七百九十里。嶽在其中，以六月祭之，如諸嶽之祠法，則天下安寧。,"陽華之山,平逢之山,縞羝山,嶽,祭",中山經
《中次七經》苦山之首，曰休與之山。其上有石焉，名曰帝臺之棋，五色而文，其狀如鶉卵，帝臺之石，所以禱百神者也，服之不蠱。有草焉，其狀如蓍，赤葉而本叢生，名曰風條，可以為簳。,"休與之山,帝臺之棋,帝臺之石,百神,苦山,鶉,簳,服,蓍,條,風,蠱,禱",中山經
東三百里，曰鼓鍾之山，帝臺之所以觴百神也。有草焉，方莖而黃華，員葉而三成，其名曰焉酸，可以為毒。其上多礪，其下多砥。,"百神,帝臺,焉酸,鍾,砥,礪",中山經
又東二百里，曰姑媱之山，帝女死焉，其名曰女尸，化為䔄草，其葉胥成，其華黃，其實如菟丘，服之媚於人。,"姑媱之山,女尸,帝女,䔄草,服",中山經
又東二十里，曰苦山。有獸焉，名曰山膏，其狀如逐，赤若丹火，善詈。其上有木焉，名曰黃棘，黃華而員葉，其實如蘭，服之不字。有草焉，員葉而無莖，赤華而不實，名曰無條，服之不癭。,"山膏,苦山,無條,不字,逐,服,棘,蘭,若,癭,丹",中山經
又東二十七里，曰堵山，神天愚居之，是多怪風雨。其上有木焉，名曰天楄，方莖而葵狀，服者不㖶。,"怪風雨,天愚,堵山,天楄,服,葵,㖶",中山經
又東五十二里，曰放皋之山。明水出焉，南流注于伊水，其中多蒼玉。有木焉，其葉如槐，黃華而不實，其名曰蒙木，服之不惑。有獸焉，其狀如蜂，枝尾而反舌，善呼，其名曰文文。,"文文,伊水,明水,蒙木,蒼玉,蜂,服,槐,枝,惑",中山經
又東五十七里，曰大𩇵之山，多㻬琈之玉，多麋玉。有草焉，其狀葉如榆，方莖而蒼傷，其名曰牛傷，其根蒼文，服者不厥，可以禦兵。其陽狂水出焉，西南流注于伊水，其中多三足龜，食者無大疾，可以已腫。,"大𩇵之山,㻬琈之玉,三足龜,伊水,狂水,牛傷,麋,服,榆,厥",中山經
又東七十里，曰半石之山，其上有草焉，生而秀，其高丈餘，赤葉赤華，華而不實，其名曰嘉榮，服之者不霆。來需之水出于其陽，而西流注于伊水，其中多鯩魚，黑文，其狀如鮒，食者不睡。合水出于其陰，而北流注于洛，多鰧魚，狀如鱖，居逵，蒼文赤尾，食者不癰，可以為瘻。,"半石之山,來需之水,鰧魚,鯩魚,伊水,合水,嘉榮,鮒,鱖,服,癰,瘻,霆",中山經
又東五十里，曰少室之山，百草木成囷。其上有木焉，其名曰帝休，葉狀如楊，其枝五衢，黃華黑實，服者不怒。其上多玉，其下多鐵。休水出焉，而北流注于洛，其中多䱱魚，狀如𥂕蜼而長距，足白而對，食者無蠱疾，可以禦兵。,"少室之山,䱱魚,休水,帝休,蜼,服,囷,楊,枝,蠱,玉,鐵",中山經
又東三十里，曰泰室之山。其上有木焉，葉狀如蔾而赤理，其名曰栯木，服者不妬。有草焉，其狀如𦬸，白華黑實，澤如蘡薁，其名曰䔄草，服之不昧，上多美石。,"泰室之山,栯木,䔄草,蘡薁,美石,服,𦬸,妬,昧",中山經
又北三十里，曰講山，其上多玉，多柘，多柏。有木焉，名曰帝屋，葉狀如椒，反傷赤實，可以禦凶。,"講山,帝屋,柘,椒,玉",中山經
又北三十里，曰嬰梁之山，上多蒼玉，錞于玄石。,"嬰梁之山,玄石,蒼玉",中山經
又東三十里，曰浮戲之山。有木焉，葉狀如樗而赤實，名曰亢木，食之不蠱。汜水出焉，而北流注于河。其東有谷，因名曰蛇谷，上多少辛。,"浮戲之山,汜水,蛇谷,亢木,少辛,河,樗,蠱",中山經
又東四十里，曰少陘之山。有草焉，名曰𦱌草，葉狀如葵，而赤莖白華，實如蘡薁，食之不愚。器難之水出焉，而北流注于役水。,"少陘之山,器難之水,役水,蘡薁,𦱌草,葵,愚",中山經
又東南十里，曰太山。有草焉，名曰梨，其葉狀如荻而赤華，可以已疽。太水出于其陽，而東南流注于沒水，承水出于其陰，而東北流注于沒。,"太山,太水,承水,荻,疽",中山經
又東二十里，曰末山，上多赤金。末水出焉，北流注于沒。,"末山,末水,赤金",中山經
又東二十五里，曰役山，上多白金，多鐵。役水出焉，北注于河。,"役山,役水,白金,河,鐵",中山經
又東三十五里，曰敏山。上有木焉，其狀如荊，白華而赤實，名曰葪柏，服者不寒。其陽多㻬琈之玉。,"㻬琈之玉,敏山,服",中山經
又東三十里，曰大騩之山，其陰多鐵、美玉、青堊。有草焉，其狀如蓍而毛，青華而白實，其名曰𦵧，服之不夭，可以為腹病。,"大騩之山,美玉,青堊,服,𦵧,蓍,毛,鐵",中山經
凡苦山之首，自休與之山至于大騩之山，凡十有九山，千一百八十四里，其十六神者，皆豕身而人面。其祠：毛牷用一羊羞，嬰用一藻玉瘞。苦山、少室、太室皆冢也，其祠之：太牢之具，嬰以吉玉。其神狀皆人面而三首，其餘屬皆豕身人面也。,"休與之山,大騩之山,太室,苦山,毛牷,太牢,吉玉,藻玉,羊,豕,羞,瘞,嬰",中山經
《中次八經》荊山之首，曰景山，其上多金玉，其木多杼檀。雎水出焉，東南流注于江，其中多丹粟，多文魚。,"文魚,景山,丹粟,江,杼,檀,玉,金",中山經
東北百里，曰荊山，其陰多鐵，其陽多赤金，其中多犛牛，多豹虎，其木多松柏，其草多竹，多橘櫾。漳水出焉，而東南流注于雎，其中多黃金，多鮫魚。其獸多閭麋。,"犛牛,鮫魚,漳水,赤金,豹,虎,閭,麋,櫾,橘,松,竹,鐵",中山經
又東北百五十里，曰驕山，其上多玉，其下多青䨼，其木多松柏，多桃枝鉤端。神𧕛圍處之，其狀如人面，羊角虎爪，恒遊于雎漳之淵，出入有光。,"驕山,桃枝,青䨼,羊,虎,松,玉",中山經
又東北百二十里，曰女几之山，其上多玉，其下多黃金，其獸多豹虎，多閭麋、麖、麂，其鳥多白鷮，多翟，多鴆。,"女几之山,白鷮,豹,虎,麖,麂,閭,麋,鴆,翟,玉,金",中山經
又東北二百里，曰宜諸之山，其上多金玉，其下多青䨼。洈水出焉，而南流注于漳，其中多白玉。,"洈水,青䨼,白玉,金",中山經
又東北三百五十里，曰綸山，其木多梓柟，多桃枝，多柤栗橘櫾，其獸多閭麈、麢、㚟。,"綸山,桃枝,㚟,麈,閭,麢,櫾,梓,柤,橘,栗,柟",中山經
又東北二百里，曰陸䣀之山，其上多㻬琈之玉，其下多堊，其木多杻橿。,"陸䣀之山,㻬琈之玉,橿,杻,堊",中山經
又東百三十里，曰光山，其上多碧，其下多木。神計蒙處之，其狀人身而龍首，恒遊于漳淵，出入必有飄風暴雨。,"計蒙,光山,漳淵,飄風,暴雨,龍,碧",中山經
又東百五十里，曰岐山，其陽多赤金，其陰多白珉，其上多金玉，其下多青䨼，其木多樗。神涉𧕛處之，其狀人身而方面三足。,"赤金,白珉,青䨼,樗,玉",中山經
又東百三十里，曰銅山，其上多金銀鐵，其木多穀柞柤栗橘櫾，其獸多犳。,"銅山,犳,櫾,柞,柤,橘,栗,銀,金,鐵",中山經
又東北一百里，曰美山，其獸多兕牛，多閭麈，多豕鹿，其上多金，其下多青䨼。,"美山,青䨼,麈,閭,鹿,牛,豕,兕,金",中山經
又東北百里，曰大堯之山，其木多松柏，多梓桑，多机，其草多竹，其獸多豹虎麢㚟。,"大堯之山,㚟,豹,虎,麢,梓,松,桑,竹",中山經
又東北三百里，曰靈山，其上多金玉，其下多青䨼，其木多桃李梅杏。,"靈山,青䨼,杏,李,梅,桃,玉,金",中山經
又東北七十里，曰龍山，上多寓木，其上多碧，其下多赤錫，其草多桃枝鉤端。,"龍山,桃枝,寓木,錫,碧",中山經
又東南五十里，曰衡山，上多寓木穀柞，多黃堊白堊。,"衡山,寓木,白堊,柞",中山經
又東南七十里，曰石山，其上多金，其下多青䨼，多寓木。,"石山,寓木,青䨼,金",中山經
又南百二十里，曰若山，其上多㻬琈之玉，多赭，多邽石，多寓木，多柘。,"㻬琈之玉,若山,寓木,邽石,柘,赭",中山經
又東南一百二十里，曰彘山，多美石，多柘。,"彘山,美石,柘",中山經
又東南一百五十里，曰玉山，其上多金玉，其下多碧鐵，其木多柏。,"玉山,碧,金,鐵",中山經
又東南七十里，曰讙山，其木多檀，多邽石，多白錫。郁水出于其上，潛于其下，其中多砥礪。,"讙山,郁水,邽石,白錫,檀,砥,礪",中山經
又東北百五十里，曰仁舉之山，其木多穀柞，其陽多赤金，其陰多赭。,"仁舉之山,赤金,柞,赭",中山經
又東五十里，曰師每之山，其陽多砥礪，其陰多青䨼，其木多柏，多檀，多柘，其草多竹。,"師每之山,青䨼,柘,檀,竹,砥,礪",中山經
又東南二百里，曰琴鼓之山，其木多穀柞椒柘，其上多白珉，其下多洗石，其獸多豕鹿，多白犀，其鳥多鴆。,"白犀,洗石,白珉,琴,鹿,豕,鴆,柞,柘,椒",中山經
凡荊山之首，自景山至琴鼓之山，凡二十三山，二千八百九十里。其神狀皆鳥身而人面。其祠：用一雄雞祈瘞，用一藻圭，糈用稌。驕山，冢也，其祠：用羞酒少牢祈瘞，嬰毛一璧。,"雄雞,景山,驕山,少牢,藻圭,羞酒,琴,瘞,嬰,祈,毛,璧,糈",中山經
《中次九經》岷山之首，曰女凡之山，其上多石涅，其木多杻橿，其草多菊𦬸。洛水出焉，東注于江，其中多雄黃，其獸多虎豹。,"岷山,洛水,石涅,豹,虎,江,橿,杻,𦬸,菊",中山經
又東北三百里，曰岷山，江水出焉，東北流注于海，其中多良龜，多鼉。其上多金玉，其下多白珉，其木多梅棠，其獸多犀象，多夔牛，其鳥多翰鷩。,"夔牛,岷山,江水,白珉,犀,象,鷩,翰,龜,鼉,梅,棠,玉,金",中山經
又東北一百四十里，曰崍山，江水出焉，東流注大江。其陽多黃金，其陰多麋麈，其木多檀柘，其草多薤韭，多葯、空奪。,"崍山,大江,江水,空奪,麈,麋,柘,檀,薤,葯,韭,金",中山經
又東一百五十里，曰崌山，江水出焉，東流注于大江，其中多怪蛇，多䲀魚，其木多楢杻，多梅梓，其獸多夔牛麢㚟犀兕。有鳥焉；狀如鴞而赤身白首，其名曰竊脂，可以禦火。,"夔牛,怪蛇,䲀魚,竊脂,崌山,大江,江水,犀,㚟,麢,兕,鴞,楢,梓,梅,杻",中山經
又東三百里，曰高梁之山，其上多堊，其下多砥礪，其木多桃枝鉤端。有草焉，狀如葵而赤華，莢實，白柎，可以走馬。,"桃枝,馬,葵,砥,堊,礪",中山經
又東四百里，曰蛇山，其上多黃金，其下多堊，其木多栒，多豫樟，其草多嘉榮、少辛。有獸焉，其狀如狐，而白尾長耳，名𤜣狼，見則國內有兵。,"𤜣狼,蛇山,嘉榮,少辛,狐,栒,堊,金",中山經
又東五百里，曰鬲山，其陽多金，其陰多白珉。蒲𪈘之水出焉，而東流注于江，其中多白玉。其獸多犀象熊羆，多猨蜼。,"蒲𪈘之水,鬲山,白珉,白玉,蜼,熊,犀,象,猨,羆,江,金",中山經
又東北三百里，曰隅陽之山，其上多金玉，其下多青䨼，其木多梓桑，其草多茈。徐之水出焉，東流注于江，其中多丹粟。,"隅陽之山,徐之水,丹粟,青䨼,江,梓,桑,玉,茈,金",中山經
又東二百五十里，曰岐山，其上多白金，其下多鐵，其木多梅梓，多杻楢。減水出焉，東南流注于江。,"減水,白金,江,楢,梓,梅,杻,鐵",中山經
又東三百里，曰勾檷之山，其上多玉，其下多黃金，其木多櫟柘，其草多芍藥。,"勾檷之山,芍藥,櫟,柘,玉,金",中山經
又東一百五十里，曰風雨之山，其上多白金，其下多石涅，其木多棷樿，多楊。宣余之水出焉，東流注于江，其中多蛇。其獸多閭麋，多麈豹虎，其鳥多白鷮。,"風雨之山,宣余之水,白鷮,白金,石涅,麈,豹,虎,閭,麋,蛇,江,楊,棷,樿",中山經
又東北二百里，曰玉山，其陽多銅，其陰多赤金，其木多豫樟楢杻，其獸多豕鹿麢㚟，其鳥多鴆。,"玉山,赤金,㚟,鹿,麢,豕,鴆,楢,杻,銅",中山經
又東一百五十里，曰熊山。有穴焉，熊之穴，恒出神人。夏啟而冬閉；是穴也，冬啟乃必有兵。其上多白玉，其下多白金，其木多樗柳，其草多寇脫。,"熊之穴,熊山,白金,白玉,樗",中山經
又東一百四十里，曰騩山，其陽多美玉赤金，其陰多鐵，其木多桃枝荊芑。,"騩山,桃枝,赤金,美玉,芑,鐵",中山經
又東二百里，曰葛山，其上多赤金，其下多瑊石，其木多柤栗橘櫾楢杻，其獸多麢㚟，其草多嘉榮。,"葛山,嘉榮,赤金,瑊石,㚟,麢,楢,櫾,柤,橘,栗,杻",中山經
又東一百七十里，曰賈超之山，其陽多黃堊，其陰多美赭，其木多柤栗橘櫾，其中多龍脩。,"賈超之山,龍脩,美赭,櫾,柤,橘,栗,堊",中山經
凡岷山之首，自女几山至于賈超之山，凡十六山，三千五百里。其神狀皆馬身而龍首。其祠：毛用一雄雞瘞，糈用稌。文山、勾檷、風雨、醜之山，是皆冢也。其祠之：羞酒，少牢具，嬰毛一吉玉。熊山，席也，其祠：羞酒，大牢具，嬰毛一璧。干儛，用兵以禳；祈，璆冕舞。,"賈超之山,璆冕舞,醜之山,干儛,雄雞,文山,熊山,几山,岷山,大牢,少牢,吉玉,羞酒,龍,馬,勾,風,瘞,嬰,祈,禳,毛,席,璧,糈",中山經
《中次十經》之首，曰首陽之山，其上多金玉，無草木。,"首陽之山,中次十經,玉,金",中山經
又西五十里，曰虎尾之山，其木多椒椐，多封石，其陽多赤金，其陰多鐵。,"虎尾之山,赤金,封石,椐,椒,鐵",中山經
又西南五十里，曰繁繢之山，其木多楢杻，其草多枝勾。,"繁繢之山,楢,杻,枝,勾",中山經
又西南二十里，曰勇石之山，無草木，多白金，多水。,"勇石之山,白金",中山經
又西二十里，曰復州之山，其木多檀，其陽多黃金。有鳥焉，其狀如鴞，而一足彘尾，其名曰跂踵，見則其國大疫。,"復州之山,跂踵,大疫,彘,鴞,檀,金",中山經
又西三十里，曰楮山，多寓木，多椒椐，多柘，多堊。,"楮山,寓木,柘,椐,椒,堊",中山經
又西二十里，曰又原之山，其陽多青䨼，其陰多鐵，其鳥多鸜鵒。,"又原之山,鸜鵒,青䨼,鐵",中山經
又西五十里，曰涿山，其木多穀柞杻，其陽多㻬琈之玉。,"㻬琈之玉,涿山,柞,杻",中山經
又西七十里，曰丙山，其木多梓檀，多弞杻。,"丙山,弞杻,梓,檀",中山經
凡首陽山之首，自首山至于丙山，凡九山，二百六十七里。其神狀皆龍身而人面。其祠之：毛用一雄雞瘞，糈用五種之糈。堵山，冢也，其祠之：少牢具，羞酒祠，嬰毛一璧瘞，騩山，帝也，其祠羞酒，太牢其；合巫祝二人儛，嬰一璧。,"五種之糈,二人儛,首陽山,雄雞,堵山,騩山,丙山,首山,少牢,太牢,羞酒,巫,祝,帝,龍,瘞,嬰,毛,璧",中山經
《中次一十一山經》荊山之首，曰翼望之山。湍水出焉，東流注于濟。貺水出焉，東南流注于漢，其中多蛟。其上多松柏，其下多漆梓，其陽多赤金，其陰多珉。,"翼望之山,湍水,貺水,赤金,蛟,濟,梓,漆,松,珉",中山經
又東北一百五十里，曰朝歌之山。潕水出焉，東南流注于榮，其中多人魚。其上多梓柟，其獸多麢麋。有草焉，名曰莽草，可以毒魚。,"朝歌之山,人魚,潕水,麢,麋,榮,梓,柟",中山經
又東南二百里，曰帝囷之山，其陽多㻬琈之玉，其陰多鐵。帝囷之水出于其上，潛于其下，多鳴蛇。,"帝囷之山,帝囷之水,㻬琈之玉,鳴蛇,鐵",中山經
又東南五十里，曰視山，其上多韭。有井焉，名曰天井，夏有水，冬竭。其上多桑，多美堊、金玉。,"視山,天井,美堊,桑,韭,玉,金",中山經
又東南二百里，曰前山，其木多櫧，多柏，其陽多金，其陰多赭。,"前山,櫧,赭,金",中山經
又東南三百里，曰豐山。有獸焉，其狀如蝯，赤目、赤喙、黃身，名曰雍和，見則國有大恐。神耕父處之，常遊清泠之淵，出入有光，見則其國為敗。有九鐘焉，是知霜鳴。其上多金，其下多穀柞杻橿。,"清泠之淵,耕父,雍和,豐山,蝯,柞,橿,杻,金",中山經
又東北八百里，曰兔床之山，其陽多鐵，其木多藷藇，其草多雞穀，其本如雞卵，其味酸甘，食者利於人。,"藷藇,鐵",中山經
又東六十里，曰皮山，多堊，多赭，其木多松柏。,"皮山,松,赭,堊",中山經
又東六十里，曰瑤碧之山，其木多梓柟，其陰多青䨼，其陽多白金。有鳥焉，其狀如雉，恒食蜚，名曰鴆。,"瑤碧之山,白金,青䨼,蜚,鴆,雉,梓,柟",中山經
又東四十里，曰支離之山，濟水出焉，南流注于漢。有鳥焉，其名曰嬰勺，其狀如鵲，赤目、赤喙、白身，其尾若勺，其鳴自呼。多㸲牛，多羬羊。,"支離之山,㸲牛,羬羊,嬰勺,鵲,濟,若",中山經
又東北五十里，曰祑𥮐之山，其上多松柏机柏。,"祑𥮐之山,松",中山經
又西北一百里，曰堇理之山，其上多松柏，多美梓，其陰多丹䨼，多金，其獸多豹虎。有鳥焉，其狀如鵲，青身白喙，白目白尾，名曰青耕，可以禦疫，其鳴自叫。,"青耕,美梓,豹,虎,鵲,松,丹,金",中山經
又東南三十里，曰依軲之山，其上多杻橿，多苴。有獸焉，其狀如犬，虎爪有甲，其名曰獜，善駚𤘝，食者不風。,"依軲之山,虎,獜,犬,橿,苴,杻,風",中山經
又東南三十五里，曰即谷之山，多美玉，多玄豹，多閭麈，多麢㚟。其陽多珉，其陰多青䨼。,"即谷之山,玄豹,美玉,青䨼,㚟,麈,閭,麢,珉",中山經
又東南四十里，曰鷄山，其上多美梓，多桑，其草多韭。,"鷄山,美梓,桑,韭",中山經
又東南五十里，曰高前之山。其上有水焉，甚寒而清，帝臺之漿也，飲之者不心痛。其上有金，其下有赭。,"帝臺之漿,心痛,赭,金",中山經
又東南三十里，曰游戲之山，多杻橿穀，多玉、多封石。,"封石,橿,杻,玉",中山經
又東南三十五里，曰從山，其上多松柏，其下多竹。從水出于其上，潛于其下，其中多三足鱉，枝尾，食之無蠱疫。,"從山,從水,松,竹,枝,蠱",中山經
又東南三十里，曰嬰䃌之山，其上多松柏，其下多梓椿。,"嬰䃌之山,梓,松",中山經
又東南三十里，曰畢山。帝苑之水出焉，東北流注于視，其中多水玉，多蛟，其上多㻬琈之玉。,"帝苑之水,㻬琈之玉,畢山,水玉,蛟,視",中山經
又東南二十里，曰樂馬之山。有獸焉，其狀如彙，赤如丹火，其名曰𤟑，見則其國大疫。,"樂馬之山,大疫,𤟑,丹",中山經
又東南二十五里，曰葴山，視水出焉，東南流注于汝水，其中多人魚，多蛟，多頡。,"人魚,葴山,汝水,頡,蛟,視",中山經
又東四十里，曰嬰山，其下多青䨼，其上多金玉。,"嬰山,青䨼,玉,金",中山經
又東三十里，曰虎首之山，多苴椆椐。,"虎首之山,椐,苴,椆",中山經
又東二十里，曰嬰侯之山，其上多封石，其下多赤錫。,"嬰侯之山,封石,錫",中山經
又東五十里，曰大孰之山。殺水出焉，東北流注于視水，其中多白堊。,"大孰之山,殺水,白堊,視",中山經
又東四十里，曰卑山，其上多桃李苴梓，多纍。,"卑山,梓,苴,李,桃,纍",中山經
又東三十里，曰倚帝之山，其上多玉，其下多金。有獸焉，其狀如鼣鼠，白耳白喙，名曰狙如，見則其國有大兵。,"倚帝之山,鼣鼠,狙如,玉,金",中山經
又東三十里，曰鯢山，鯢水出于其上，潛于其下，其中多美堊。其上多金，其下多青䨼。,"鯢山,鯢水,美堊,青䨼,金",中山經
又東三十里，曰雅山。灃水出焉，東流注于視水，其中多大魚。其上多美桑，其下多苴，多赤金。,"雅山,赤金,視,苴,桑",中山經
又東五十里，曰宣山。淪水出焉，東南流注于視水，其中多蛟。其上有桑焉，大五十尺，其枝四衢，其葉大尺餘，赤理黃華青柎，名曰帝女之桑。,"帝女之桑,宣山,淪水,蛟,視,枝",中山經
又東四十五里，曰衡山，其上多青䨼，多桑，其鳥多鸜鵒。,"鸜鵒,衡山,青䨼,桑",中山經
又東四十里，曰豐山，其上多封石，其木多桑，多羊桃，狀如桃而方莖，可以為皮張。,"豐山,羊桃,皮張,封石,桑",中山經
又東七十里，曰嫗山，其上多美玉，其下多金，其草多雞穀。,"嫗山,美玉,金",中山經
又東三十里，曰鮮山，其木多楢杻苴，其草多𧄸冬，其陽多金，其陰多鐵。有獸焉，其狀如膜大，赤喙、赤目、白尾，見則其邑有火，名曰𤝻即。,"𤝻即,鮮山,𧄸冬,膜,楢,苴,杻,金,鐵",中山經
又東三十里，曰章山，其陽多金，其陰多美石。皋水出焉，東流注于澧水，其中多脆石。,"章山,澧水,美石,金",中山經
又東二十五里，曰大支之山，其陽多金，其木多穀柞，無草木。,"大支之山,柞,金",中山經
又東五十里，曰聲匈之山，其木多穀，多玉，上多封石。,"聲匈之山,封石,玉",中山經
又東五十里，曰大騩之山，其陽多赤金，其陰多砥石。,"大騩之山,赤金,砥,石",中山經
又東北七十里，曰歷石之山，其木多荊芑，其陽多黃金，其陰多砥石。有獸焉，其狀如狸，而白首虎爪，名曰梁渠，見則其國有大兵。,"歷石之山,梁渠,虎,狸,芑,砥,金",中山經
又東南一百里，曰求山。求水出于其上，潛于其下，中有美赭。其木多苴，多䉋。其陽多金，其陰多鐵。,"求山,求水,美赭,苴,䉋,金,鐵",中山經
又東二百里，曰丑陽之山，其上多椆椐。有鳥焉，其狀如烏而赤足，名曰𩢢餘，可以禦火。,"丑陽之山,𩢢餘,烏,椐,椆",中山經
又東三百里，曰奧山，其上多柏杻橿，其陽多㻬琈之玉。奧水出焉，東流注于視水。,"㻬琈之玉,視,橿,杻",中山經
又東三十五里，曰服山，其木多苴，其上多封石，其下多赤錫。,"服山,封石,苴,錫",中山經
又東三百里，曰杳山，其上多嘉榮草，多金玉。,"杳山,嘉榮,榮草,玉,金",中山經
又東三百五十里，曰几山，其木多楢檀杻，其草多香。有獸焉，其狀如彘，黃身、白頭、白尾，名曰聞𧲂，見則天下大風。,"聞𧲂,几山,彘,楢,杻,檀,香,風",中山經
凡荊山之首，自翼望之山至于几山，凡四十八山，三千七百三十二里。其神狀皆彘身人首。其祠：毛用一雄雞祈，瘞用一珪，糈用五種之精。禾山，帝也，其祠：太牢之具，羞瘞，倒毛；用一璧，牛無常。堵山、玉山，冢也，皆倒祠，羞毛少牢，嬰毛吉玉。,"翼望之山,五種之精,雄雞,玉山,堵山,禾山,几山,少牢,太牢,吉玉,帝,彘,牛,倒,羞,瘞,嬰,祈,毛,璧,珪,糈",中山經
《中次十二經》洞庭山之首，曰篇遇之山，無草木，多黃金。,"篇遇之山,洞庭山,金",中山經
又東南五十里，曰雲山，無草木。有桂竹，甚毒，傷人必死。其上多黃金，其下多㻬琈之玉。,"㻬琈之玉,雲山,桂竹,金",中山經
又東南一百三十里，曰龜山，其木多穀柞椆椐，其上多黃金，其下多青雄黃，多扶竹。,"龜山,扶竹,柞,椐,椆,金",中山經
又東七十里，曰丙山，多筀竹，多黃金銅鐵，無木。,"丙山,筀竹,金,銅,鐵",中山經
又東南五十里，曰風伯之山，其上多金玉，其下多痠石、文石，多鐵，其木多柳杻檀楮。其東有林焉，名曰莽浮之林，多美木鳥獸。,"風伯之山,文石,痠石,杻,檀,楮,玉,金,鐵",中山經
又東一百五十里，曰夫夫之山，其上多黃金，其下多青雄黃，其木多桑楮，其草多竹、雞鼓。神于兒居之，其狀人身而身操兩蛇，常遊于江淵，出入有光。,"夫夫之山,于兒,蛇,江,桑,楮,竹,金",中山經
又東南一百二十里，曰洞庭之山，其上多黃金，其下多銀鐵，其木多柤棃橘櫾，其草多葌蘪蕪芍藥芎藭。帝之二女居之，是常遊于江淵，澧沅之風，交瀟湘之淵，是在九江之間，出入必以飄風暴雨。是多怪神，狀如人而載蛇，左右手操蛇。多怪鳥。,"帝之二女,洞庭之山,瀟湘之淵,澧沅之風,怪神,怪鳥,九江,蘪蕪,芍藥,飄風,暴雨,蛇,櫾,柤,橘,銀,金,鐵",中山經
又東南一百八十里，曰暴山，其木多椶柟荊芑竹箭䉋箘，其上多黃金玉，其下多文石鐵，其獸多麋鹿𪊨，就。,"暴山,竹箭,文石,鹿,麋,柟,芑,箘,䉋,玉,金,鐵",中山經
又東南二百里，曰即公之山，其上多黃金，其下多㻬琈之玉，其木多柳杻檀桑。有獸焉，其狀如龜，而白身赤首，名曰蛫，是可以禦火。,"即公之山,㻬琈之玉,蛫,龜,杻,桑,檀,金",中山經
又東南一百五十九里，曰堯山，其陰多黃堊，其陽多黃金，其木多荊芑柳檀，其草多藷藇𦬸。,"堯山,藷藇,芑,檀,𦬸,堊,金",中山經
又東南一百里，曰江浮之山，其上多銀砥礪，無草木，其獸多豕鹿。,"江浮之山,鹿,豕,銀,砥,礪",中山經
又東二百里，曰真陵之山，其上多黃金，其下多玉，其木多穀柞柳杻，其草多榮草。,"真陵之山,榮草,柞,杻,玉,金",中山經
又東南一百二十里，曰陽帝之山，多美銅，其木多檀杻檿楮，其獸多麢麝。,"陽帝之山,美銅,麢,麝,檿,杻,檀,楮",中山經
又南九十里，曰柴桑之山，其上多銀，其下多碧，多汵石赭，其木多柳芑楮桑，其獸多麋鹿，多白蛇飛蛇。,"柴桑之山,飛蛇,白蛇,汵石,鹿,麋,芑,楮,銀,赭,碧",中山經
又東二百三十里，曰榮余之山，其上多銅，其下多銀，其木多柳芑，其蟲多怪蛇怪蟲。,"榮余之山,怪蟲,怪蛇,芑,銀,銅",中山經
凡洞庭山之首，自篇遇之山至于榮余之山，凡十五山，二千八百里。其神狀皆鳥身而龍首。其祠：毛用一雄鷄、一牝豚刉，糈用稌。凡夫夫之山、即公之山、堯山、陽帝之山，皆冢也，其祠：皆肆瘞，祈用酒，毛用少牢，嬰毛一吉玉。洞庭、榮余山，神也，其祠：皆肆瘞，祈酒太牢祠，嬰用圭璧十五，五彩惠之。,"陽帝之山,夫夫之山,即公之山,篇遇之山,榮余之山,洞庭山,牝豚,堯山,少牢,太牢,吉玉,雄鷄,龍,瘞,嬰,刉,祈,肆,毛,璧,圭,糈,酒",中山經
禹曰：天下名山，經五千三百七十山，六萬四千五十六里，居地也。言其五臧，蓋其餘小山甚眾，不足記云。天地之東西二萬八千里，南北二萬六千里，出水之山者八千里，受水者八千里，出銅之山四百六十七，出鐵之山三千六百九十。此天地之所分壤樹穀也，戈矛之所發也，刀鎩之所起也，能者有餘，拙者不足。封於太山，禪於梁父，七十二家，得失之數，皆在此內，是謂國用。,"梁父,太山,禹,刀,戈,矛,銅,鐵",中山經
《北山經》之首，曰單狐之山，多机木，其上多華草。漨水出焉，而西流注于泑水，其中多芘石文石。,"單狐之山,泑水,漨水,机木,華草,文石,芘石",北山經
又北二百五十里，曰求如之山，其上多銅，其下多玉，無草木。滑水出焉，而西流注于諸毗之水。其中多滑魚，其狀如鱓，赤背，其音如梧，食之已疣。其中多水馬，其狀如馬，文臂牛尾，其音如呼。,"求如之山,諸毗之水,水馬,滑魚,滑水,梧,牛,鱓,疣,玉,銅",北山經
又北三百里，曰帶山，其上多玉，其下多青碧。有獸焉，其狀如馬，一角有錯，其名曰䑏䟽，可以辟火。有鳥焉，其狀如烏，五彩而赤文，名曰鵸鵌，是自為牝牡，食之不疽。彭水出焉，而西流注于芘湖之水，其中多儵魚，其狀如鷄而赤毛，三尾、六足、四首，其音如鵲，食之可以已憂。,"芘湖之水,䑏䟽,儵魚,帶山,彭水,青碧,馬,烏,鷄,鵲,憂,疽,毛,玉",北山經
又北四百里，曰譙明之山，譙水出焉，西流注于河。其中多何羅之魚，一首而十身，其音如吠犬，食之已癰。有獸焉，其狀如貆而赤豪，其音如榴榴，名曰孟槐，可以禦凶。是山也，無草木，多青雄黃。,"何羅之魚,譙明之山,榴榴,孟槐,譙水,貆,犬,河,癰",北山經
又北三百五十里，曰涿光之山，囂水出焉，而西流注于河。其中多鰼鰼之魚，其狀如鵲而十翼，鱗皆在羽端，其音如鵲，可以禦火，食之不癉。其上多松柏，其下多椶橿，其獸多麢羊，其鳥多蕃。,"鰼鰼之魚,涿光之山,囂水,羊,麢,蕃,鵲,羽,河,橿,松,癉",北山經
又北三百八十里，曰虢山，其上多漆，其下多桐椐，其陽多玉，其陰多鐵。伊水出焉，西流注于河。其獸多橐駝，其鳥多寓，狀如鼠而鳥翼，其音如羊，可以禦兵。,"橐駝,虢山,伊水,羊,鼠,寓,河,椐,漆,桐,玉,鐵",北山經
又北四百里，至于虢山之尾，其上多玉而無石。魚水出焉，而西流注于河，其中多文貝。,"虢山之尾,文貝,魚水,河,玉,石",北山經
又北二百里，曰丹熏之山，其上多樗柏，其草多韭薤，多丹雘。熏水出焉，而西流注于棠水。有獸焉，其狀如鼠，而菟首麋身，其音如獋犬，以其尾飛，名曰耳鼠，食之不䐆，又可以禦百毒。,"丹熏之山,耳鼠,棠水,熏水,丹雘,麋,犬,樗,薤,韭,䐆",北山經
又北二百八十里，曰石者之山，其上無草木，多瑤碧。泚水出焉，而西流注于河，有獸焉，其狀如豹，而文題白身，名曰孟極，是善伏，其鳴自呼。,"石者之山,孟極,泚水,豹,河,碧",北山經
又北百一十里，曰邊春之山，多葱、葵、韭、桃、李。杠水出焉，而西流注于泑澤。有獸焉，其狀如禺而文身，善笑，見人則臥，名曰幽鴳，其鳴自呼。,"邊春之山,幽鴳,杠水,泑澤,禺,李,桃,葱,韭,葵",北山經
又北二百里，曰蔓聯之山，其上無草木。有獸焉，其狀如禺而有鬣，牛尾、文臂、馬蹄，見人則呼，名曰足訾，其鳴自呼。有鳥焉，群居而朋飛，其毛如雌雉，名曰鵁，其名自呼，食之已風。,"足訾,雌雉,禺,馬,牛,鵁,風,毛",北山經
又北百八十里，曰單張之山，其上無草木。有獸焉，其狀如豹而長尾，人首而牛耳，一目，名曰諸犍，善吒，行則衘其尾，居則蟠其尾。有鳥焉，其狀如雉，而文首、白翼、黃足，名曰白鵺，食之已嗌痛，可以已痸。櫟水出焉，而南流注于杠水。,"單張之山,諸犍,白鵺,杠水,櫟水,嗌痛,豹,牛,雉,痸",北山經
又北三百二十里，曰灌題之山，其上多樗柘，其下多流沙，多砥。有獸焉，其狀如牛而白尾，其音如訆，名曰那父。有鳥焉，其狀如雌雉而人面，見人則躍，名曰竦斯，其鳴自呼也。匠韓之水出焉，而西流注于泑澤，其中多磁石。,"灌題之山,匠韓之水,那父,雌雉,竦斯,泑澤,流沙,磁石,牛,柘,樗,砥",北山經
又北二百里，曰潘侯之山，其上多松柏，其下多榛楛，其陽多玉，其陰多鐵。有獸焉，其狀如牛，而四節生毛，名曰旄牛。邊水出焉，而南流注于櫟澤。,"潘侯之山,旄牛,邊水,櫟澤,榛,楛,松,毛,玉,鐵",北山經
北二百八十里，曰大咸之山，無草木，其下多玉。是山也，四方，不可以上。有蛇名曰長蛇，其毛如彘豪，其音如鼓柝。,"大咸之山,長蛇,彘,柝,毛,玉",北山經
又北三百二十里，曰敦薨之山，其上多椶柟，其下多茈草。敦薨之水出焉，而西流注于泑澤。出于崑崙之東北隅，實惟河源。其中多赤鮭，其獸多兕、旄牛，其鳥多鳲鳩。,"敦薨之山,敦薨之水,旄牛,赤鮭,崑崙,泑澤,茈草,兕,鳩,河,柟",北山經
又北二百里，曰少咸之山，無草木，多青碧。有獸焉，其狀如牛，而赤身、人面、馬足，名曰窫窳，其音如嬰兒，是食人。敦水出焉，東流注于鴈門之水，其中多䰽䰽之魚，食之殺人。,"䰽䰽之魚,少咸之山,鴈門之水,窫窳,敦水,青碧,馬,牛,嬰",北山經
又北二百里，曰獄法之山，瀤澤之水出焉，而東北流注于泰澤。其中多䲃魚，其狀如鯉而雞足，食之已疣。有獸焉，其狀如犬而人面，善投，見人則笑，其名山𤟤，其行如風，見則天下大風。,"獄法之山,瀤澤之水,山𤟤,䲃魚,泰澤,犬,疣,風,投",北山經
又北一百里，曰北嶽之山，多枳棘剛木。有獸焉，其狀如牛而四角，人目、彘耳，其名曰諸懷，其音如鳴鴈，是食人。諸懷之水出焉，而西流注于囂水，其中多鮨魚，魚身而犬首，其音如嬰兒，食之已狂。,"北嶽之山,諸懷之水,鮨魚,鳴鴈,囂水,剛木,彘,牛,犬,枳,棘,狂,嬰",北山經
又北百八十里，曰渾夕之山，無草木，多銅玉。囂水出焉，而西北流注于海。有蛇一首兩身，名曰肥遺，見則其國大旱。,"渾夕之山,肥遺,囂水,蛇,玉,銅",北山經
又北五十里，曰北單之山，無草木，多葱韭。,"北單之山,葱,韭",北山經
又北百里，曰羆差之山，無草木，多馬。,"羆差之山,馬",北山經
又北百八十里，曰北鮮之山，是多馬。鮮水出焉，而西北流注于涂吾之水。,"北鮮之山,涂吾之水,鮮水,馬",北山經
又北百七十里，曰隄山，多馬。有獸焉，其狀如豹而文首，名曰狕。隄水出焉，而東流注于泰澤，其中多龍龜。,"龍龜,隄山,隄水,泰澤,狕,豹,馬",北山經
凡《北山經》之首，自單狐之山至于隄山，凡二十五山，五千四百九十里，其神皆人面蛇身。其祠之，毛用一雄鷄彘瘞，吉玉用一珪，瘞而不糈。其山北人，皆生食不火之物。,"單狐之山,隄山,吉玉,雄鷄,彘,蛇,瘞,毛,珪,糈",北山經
北次二經之首，在河之東，其首枕汾，其名曰管涔之山。其上無木而多草，其下多玉。汾水出焉，而西流注于河。,"管涔之山,北次二經,汾水,河,玉",北山經
又西二百五十里，曰少陽之山，其上多玉，其下多赤銀。酸水出焉，而東流注于汾水，其中多美赭。,"少陽之山,汾水,酸水,赤銀,美赭,玉",北山經
又北五十里，曰縣雍之山，其上多玉，其下多銅，其獸多閭麋，其鳥多白翟白䳑，晉水出焉，而東南流注于汾水。其中多鮆魚，其狀如鯈而赤鱗，其音如叱，食之不驕。,"縣雍之山,鮆魚,白䳑,白翟,汾水,晉水,閭,麋,驕,玉,銅",北山經
又北二百里，曰狐岐之山，無草木，多青碧。勝水出焉，而東北流注于汾水，其中多蒼玉。,"汾水,勝水,蒼玉,青碧,狐",北山經
又北三百五十里，曰白沙山，廣員三百里，盡沙也，無草木鳥獸。鮪水出于其上，潛于其下，是多白玉。,"白沙山,鮪水,白玉",北山經
又北三百八十里，曰狂山，無草木。是山也，冬夏有雪。狂水出焉，而西流注于浮水，其中多美玉。,"狂山,浮水,狂水,美玉",北山經
又北三百八十里，曰諸餘之山，其上多銅玉，其下多松柏。諸餘之水出焉，而東流注于旄水。,"諸餘之山,諸餘之水,旄水,松,玉,銅",北山經
又北三百五十里，曰敦頭之山，其上多金玉，無草木。旄水出焉，而東流注于印澤，其中多𩣡馬，牛尾而白身，一角其音如呼。,"敦頭之山,𩣡馬,旄水,印澤,牛,玉,金",北山經
又北三百五十里，曰鉤吾之山，其上多玉，其下多銅。有獸焉，其狀如羊身人面，其目在腋下，虎齒人爪，其音如嬰兒，名曰狍鴞，是食人。,"鉤吾之山,狍鴞,羊,虎,嬰,玉,銅",北山經
又北三百里，曰北囂之山，無石，其陽多碧，其陰多玉。有獸焉，其狀如虎，而白身犬首，馬尾彘鬣，名曰獨𤞞。有鳥焉，其狀如烏，人面，名曰𪄀𪃑，宵飛而晝伏，食之已暍。涔水出焉，而東流注于卭澤。,"北囂之山,獨𤞞,𪄀𪃑,涔水,卭澤,彘,虎,馬,犬,烏,暍,玉,碧,石",北山經
又北三百五十里，曰梁渠之山，無草木，多金玉。脩水出焉，而東流注于鴈門，其獸多居暨，其狀如彙而赤毛，其音如豚，有鳥焉，其狀如夸父，四翼、一目、犬尾，名曰囂，其音如鵲，食之已腹痛，可以止衕。,"梁渠之山,夸父,脩水,腹痛,囂,犬,豚,鴈,鵲,衕,毛,玉,金",北山經
又北三百八十里，曰湖灌之山，其陽多玉，其陰多碧，多馬。湖灌之水出焉，而東流注于海，其中多䱇。有木焉，其葉如柳而赤理。,"湖灌之山,湖灌之水,馬,䱇,玉,碧",北山經
又北水行五百里，流沙三百里，至于洹山，其上多金玉。三桑生之，其樹皆無枝，其高百仞。百果樹生之，其下多怪蛇。,"百果樹,怪蛇,洹山,流沙,三桑,枝,玉,金",北山經
又北三百里，曰敦題之山，無草木，多金玉。是錞于北海。,"敦題之山,北海,玉,金",北山經
凡《北次二經》之首，自管涔之山至于敦題之山，凡十七山，五千六百九十里。其神皆蛇身人面。其祠：毛用一雄雞彘瘞；用一璧一珪，投而不糈。,"敦題之山,管涔之山,北次二經,雄雞,彘,蛇,瘞,投,毛,璧,珪,糈",北山經
《北次三經》之首曰太行之山。其首曰歸山，其上有金玉，其下有碧。有獸焉，其狀如麢羊而四角，馬尾而有距，其名曰䮝，善還，其鳴自䚯。有鳥焉，其狀如鵲，白身、赤尾、六足，其名曰䴅，是善驚，其鳴自詨。,"太行之山,北次三經,歸山,羊,䮝,麢,馬,䴅,鵲,玉,碧,金",北山經
又東北二百里，曰龍侯之山，無草木，多金玉。決決之水出焉，而東流注于河。其中多人魚，其狀如䱱魚，四足，其音如嬰兒，食之無癡疾。,"龍侯之山,䱱魚,人魚,癡疾,河,嬰,玉,金",北山經
又東北二百里，曰馬成之山，其上多文石，其陰多金玉。有獸焉，其狀如白犬而黑頭，見人則飛，其名曰天馬，其鳴自䚯。有鳥焉，其狀如烏，首白而身青、足黃，是名曰鶌鶋，其鳴自詨，食之不飢，可以已寓。,"馬成之山,白犬,天馬,鶌鶋,文石,烏,寓,玉,金",北山經
又東北七十里，曰咸山，其上有玉，其下多銅，是多松柏，草多茈草。條菅之水出焉，而西南流注于長澤。其中多器酸，三歲一成，食之已癘。,"條菅之水,器酸,咸山,長澤,茈草,松,癘,玉,銅",北山經
又東北二百里，曰天池之山，其上無草木，多文石。有獸焉，其狀如兔而鼠首，以其背飛，其名曰飛鼠。澠水出焉，潛于其下，其中多黃堊。,"天池之山,飛鼠,澠水,文石,堊",北山經
又東三百里，曰陽山，其上多玉，其下多金銅。有獸焉，其狀如牛而赤尾，其頸𦜜，其狀如勾瞿，其名曰領胡，其鳴自詨，食之已狂。有鳥焉，其狀如雌雉，而五彩以文，是自為牝牡，名曰象蛇，其鳴自詨。留水出焉，而南流注于河。其中有䱤父之魚，其狀如鮒魚，魚首而彘身，食之已嘔。,"領胡,象蛇,雌雉,勾瞿,陽山,留水,彘,牛,鮒,河,狂,嘔,玉,金,銅",北山經
又東三百五十里，曰賁聞之山，其上多蒼玉，其下多黃堊，多涅石。,"賁聞之山,蒼玉,涅石,堊",北山經
又北百里，曰王屋之山，是多石。㶌水出焉，而西北流注于泰澤。,"王屋之山,㶌水,泰澤,石",北山經
又東北三百里，曰教山，其上多玉而無石。教水出焉，西流注于河，是水冬乾而夏流，實惟乾河。其中有兩山，是山也，廣員三百步，其名曰發丸之山，其上有金玉。,"發丸之山,教山,教水,乾河,玉,金,石",北山經
又南三百里，曰景山，南望鹽販之澤，北望少澤，其上多草、藷藇，其草多秦椒，其陰多赭，其陽多玉。有鳥焉，其狀如蛇，而四翼、六目、三足，名曰酸與，其鳴自詨，見則其邑有恐。,"鹽販之澤,酸與,景山,少澤,秦椒,藷藇,蛇,玉,赭",北山經
又東南三百二十里，曰孟門之山，其上多蒼玉，多金，其下多黃堊，多涅石。,"孟門之山,蒼玉,涅石,堊,金",北山經
又東南三百二十里，曰平山。平水出于其上，潛于其下，是多美玉。,"平山,平水,美玉",北山經
又東三百里，曰京山，有美玉，多漆木，多竹，其陽有赤銅，其陰有玄䃤。高水出焉，南流注于河。,"京山,玄䃤,赤銅,美玉,河,漆,竹",北山經
又東二百里，曰虫尾之山，其上多金玉，其下多竹，多青碧。丹水出焉，南流注于河。薄水出焉，而東南流注于黃澤。,"虫尾之山,丹水,薄水,青碧,河,竹,玉,金",北山經
又東三百里，曰彭毗之山，其上無草木，多金玉，其下多水。蚤林之水出焉，東南流注于河。肥水出焉，而南流注于床水，其中多肥遺之蛇。,"彭毗之山,蚤林之水,肥遺,肥水,蛇,河,玉,金",北山經
又東百八十里，曰小侯之山。明漳之水出焉，南流注于黃澤。有鳥，其狀如烏而白文，名曰鴣𪄶，食之不灂。,"小侯之山,明漳之水,鴣𪄶,烏,灂",北山經
又東三百七十里，曰泰頭之山，共水出焉，南注于虖池。其上多金玉，其下多竹箭。,"泰頭之山,共水,虖池,竹箭,玉,金",北山經
又東北二百里，曰軒轅之山，其上多銅，其下多竹。有鳥焉，其狀如梟而白首，其名曰黃鳥，其鳴自詨，食之不妬。,"軒轅之山,梟,竹,妬,銅",北山經
又北二百里，曰謁戾之山，其上多松柏，有金玉。沁水出焉，南流注于河。其東有林焉，名曰丹林。丹林之水出焉，南流注于河。嬰侯之水出焉，北流注于氾水。,"謁戾之山,嬰侯之水,丹林之水,沁水,河,松,玉,金",北山經
東三百里，曰沮洳之山，無草木，有金玉。濝水出焉，南流注于河。,"沮洳之山,濝水,河,玉,金",北山經
又北三百里，曰神囷之山，其上有文石，其下有白蛇，有飛蟲。黃水出焉，而東流注于洹。滏水出焉，而東流注于歐水。,"神囷之山,飛蟲,白蛇,滏水,歐水,文石,洹",北山經
又北二百里，曰發鳩之山，其上多柘木。有鳥焉，其狀如烏，文首、白喙、赤足，名曰精衛，其鳴自詨。是炎帝之少女，名曰女娃，女娃遊于東海，溺而不返，故為精衛，常銜西山之木石，以堙于東海。漳水出焉，東流注于河。,"發鳩之山,炎帝,女娃,精衛,西山,漳水,東海,烏,河,柘,石",北山經
又東北百二十里，曰少山，其上有金玉，其下有銅。清漳之水出焉，東流于濁漳之水。,"濁漳之水,清漳之水,少山,玉,金,銅",北山經
又東北二百里，曰錫山，其上多玉，其下有砥。牛首之水出焉，而東流注于滏水。,"牛首之水,錫山,滏水,玉,砥",北山經
又北二百里，曰景山，有美玉。景水出焉，東南流注于海澤。,"景山,景水,海澤,美玉",北山經
又北百里，曰題首之山，有玉焉，多石無水。,"題首之山,玉,石",北山經
又北百里，曰繡山，其上有玉、青碧，其木多栒，其草多芍藥、芎窮。洧水出焉，而東流注于河。其中有鱯、黽。,"繡山,洧水,芎窮,芍藥,青碧,鱯,黽,河,栒,玉",北山經
又北百二十里，曰松山。陽水出焉，東北流注于河。,"松山,陽水,河",北山經
又北百二十里，曰敦與之山，其上無草木，有金玉。溹水出于其陽，而東流注于泰陸之水。泜水出于其陰，而東流注于彭水。槐水出焉，而東流注于泜澤。,"敦與之山,泰陸之水,泜水,槐水,彭水,溹水,泜澤,玉,金",北山經
又北百七十里，曰柘山，其陽有金玉，其陰有鐵。歷聚之水出焉，而北流注于洧水。,"歷聚之水,柘山,洧水,玉,金,鐵",北山經
又北三百里，曰維龍之山，其上有碧玉，其陽有金，其陰有鐵。肥水出焉，而東流注于皋澤，其中多礨石。敞鐵之水出焉，而北流注于大澤。,"維龍之山,敞鐵之水,肥水,大澤,礨石,碧玉,金",北山經
又北百八十里，曰白馬之山，其陽多石玉，其陰多鐵，多赤銅。木馬之水出焉，而東北流注于虖沱。,"白馬之山,木馬之水,赤銅,玉,石,鐵",北山經
又北三百里，曰泰戲之山，無草木，多金玉。有獸焉，其狀如羊，一角一目，目在耳後，其名曰䍶䍶，其鳴自䚯。虖沱之水出焉，而東流注于漊水。液女之水出于其陽，南流注于沁水。,"液女之水,䍶䍶,漊水,沁水,羊,玉,金",北山經
又北三百里，曰石山，多藏金玉。濩濩之水出焉，而東流注于虖沱。鮮于之水出焉，而南流注于虖沱。,"鮮于之水,濩濩之水,石山,玉,金",北山經
又北二百里，曰童戎之山。皋涂之水出焉，而東流注于漊液水。,"童戎之山,漊液水",北山經
又北三百里，曰高是之山。滋水出焉，而南流注于虖沱，其木多椶，其草多條。滱水出焉，東流注于河。,"滋水,滱水,河,條",北山經
又北三百里，曰陸山，多美玉。𨜰水出焉，而東流注于河。,"陸山,𨜰水,美玉,河",北山經
又北二百里，曰沂山。般水出焉，而東流注于河。,"沂山,般水,河",北山經
北百二十里，曰燕山，多嬰石。燕水出焉，東流注于河。,"燕山,燕水,嬰石,河",北山經
又北山行五百里，水行五百里，至于饒山。是無草木，多瑤碧，其獸多橐駝，其鳥多鶹。歷虢之水出焉，而東流注于河。其中有師魚，食之殺人。,"橐駝,師魚,饒山,鶹,河,碧",北山經
又北四百里，曰乾山，無草木，其陽有金玉，其陰有鐵而無水。有獸焉，其狀如牛而三足，其名曰獂，其鳴自詨。,"乾山,獂,牛,玉,金,鐵",北山經
又北五百里，曰倫山。倫水出焉，而東流注于河。有獸焉，其狀如麋，其川在尾上，其名曰羆。,"倫山,倫水,麋,羆,河",北山經
又北五百里，曰碣石之山。繩水出焉，而東流注于河，其中多蒲夷之魚。其上有玉，其下多青碧。,"蒲夷之魚,碣石之山,繩水,青碧,河,玉",北山經
又北水行四百里，至于泰澤。其中有山焉，曰帝都之山，廣員百里，無草木，有玉金。,"帝都之山,泰澤,玉,金",北山經
又北五百里，曰錞于毋逢之山，北望雞號之山，其風如䬅；西望幽都之山，浴水出焉。是有大蛇，赤首白身，其音如牛，見則其邑大旱。,"幽都之山,大蛇,浴水,牛,風",北山經
凡《北次三經》之首，自太行之山以至于無逢之山，凡四十六山，萬二千三百五十里。其神狀皆馬身而人面者廿神。其祠之，皆用一藻茝瘞之。其十四神，狀皆彘身而載玉。其祠之，皆玉，不瘞。其十神，狀皆彘身而八足，蛇尾。其祠之，皆用一璧瘞之。大凡四十四神，皆用稌糈米祠之，此皆不火食。,"太行之山,無逢之山,北次三經,彘,馬,蛇,藻,茝,瘞,璧,糈,米,玉",北山經
南山經之首曰䧿山。其首曰招搖之山，臨于西海之上，多桂，多金玉。有草焉，其狀如韭而青花，其名曰祝餘，食之不飢。有木焉，其狀如穀而黑理，其花四照，其名曰迷穀，佩之不迷。有獸焉，其狀如禺而白耳，伏行人走，其名曰狌狌，食之善走。麗𪊨之水出焉，而西流注于海，其中多育沛，佩之無瘕疾。,"南山經之首,麗𪊨之水,育沛,狌狌,䧿山,西海,祝餘,瘕疾,禺,桂,韭,玉,金",南山經
又東三百里，曰堂庭之山，多棪木，多白猿，多水玉，多黃金。,"堂庭之山,白猿,棪木,水玉,金",南山經
又東三百八十里，曰猨翼之山，其中多怪獸，水多怪魚，多白玉，多腹虫，多怪蛇，多怪木，不可以上。,"猨翼之山,怪獸,怪蛇,怪魚,怪木,白玉",南山經
又東三百七十里，曰杻陽之山，其陽多赤金，其陰多白金。有獸焉，其狀如馬而白首，其文如虎而赤尾，其音如謠，其名曰鹿蜀，佩之宜子孫。怪水出焉，而東流注于憲翼之水。其中多玄龜，其狀如龜而鳥首虺尾，其名曰旋龜，其音如判木，佩之不聾，可以為底。,"杻陽之山,憲翼之水,鹿蜀,玄龜,旋龜,判木,怪水,赤金,白金,虎,馬,底,聾",南山經
東三百里祗山，多水，無草木。有魚焉，其狀如牛，陵居，蛇尾有翼，其羽在魼下，其音如留牛，其名曰鯥，冬死而夏生，食之無腫疾。,"留牛,腫疾,蛇,鯥,羽",南山經
又東四百里，曰亶爰之山，多水，無草木，不可以上。有獸焉，其狀如狸而有髦，其名曰類，自為牝牡，食者不妬。,"亶爰之山,狸,類,妬",南山經
又東三百里，曰基山，其陽多玉，其陰多怪木。有獸焉，其狀如羊，九尾四耳，其目在背，其名曰猼訑，佩之不畏。有鳥焉，其狀如雞而三首六目，六足三翼，其名曰𪁺𩿧，食之無臥。,"猼訑,𪁺𩿧,基山,怪木,羊,玉",南山經
又東三百里，曰青丘之山，其陽多玉，其陰多青䨼。有獸焉，其狀如狐而九尾，其音如嬰兒，能食人，食者不蠱。有鳥焉，其狀如鳩，其音若呵，名曰灌灌，佩之不惑。英水出焉，南流注于即翼之澤。其中多赤鱬，其狀如魚而人面，其音如鴛鴦，食之不疥。,"青丘之山,即翼之澤,赤鱬,鴛鴦,灌灌,英水,青䨼,狐,鳩,若,蠱,惑,疥,嬰,玉",南山經
又東三百五十里，曰箕尾之山，其尾踆于東海，多沙石。汸水出焉，而南流注于淯，其中多白玉。,"箕尾之山,汸水,東海,白玉,沙石,淯",南山經
凡䧿山之首，自招搖之山，以至箕尾之山，凡十山，二千九百五十里。其神狀皆鳥身而龍首，其祠之禮：毛用一璋玉瘞，糈用稌米，一壁，稻米、白菅為席。,"箕尾之山,䧿山,白菅,璋玉,稻米,稌米,龍,瘞,毛,席,壁,糈",南山經
《南次二經》之首，曰柜山，西臨流黃，北望諸毗，東望長右。英水出焉，西南流注于赤水，其中多白玉，多丹粟。有獸焉，其狀如豚，有距，其音如狗吠，其名曰狸力，見則其縣多土功。有鳥焉，其狀如鴟而人手，其音如痺，其名曰鴸，其鳴自號也，見則其縣多放士。,"南次二經,赤水,長右,狸力,諸毗,柜山,英水,丹粟,白玉,痺,狗,豚,鴟,縣",南山經
東南四百五十里，曰長右之山，無草木，多水。有獸焉，其狀如禺而四耳，其名長右，其音如吟，見則郡縣大水。,"長右,禺,縣",南山經
又東三百四十里曰堯光之山，其陽多玉，其陰多金。有獸焉，其狀如人而彘鬣，穴居而冬蟄，其名曰猾褢，其音如斲木，見則縣有大繇。,"堯光之山,猾褢,彘,縣,玉,金",南山經
又東三百五十里，曰羽山，其下多水，其上多雨，無草木，多蝮虫。,"蝮虫,羽山",南山經
又東三百七十里，曰瞿父之山，無草木，多金玉。,"瞿父之山,玉,金",南山經
又東四百里，曰句餘之山，無草木，多金玉。,"句餘之山,玉,金",南山經
又東五百里，曰浮玉之山，北望具區，東望諸毗。有獸焉，其狀如虎而牛尾，其音如吠犬，其名曰彘，是食人。苕水出于其陰，北流注于具區。其中多鮆魚。,"浮玉之山,鮆魚,諸毗,苕水,具區,彘,虎,牛,犬",南山經
又東五百里，曰成山，四方而三壇，其上多金玉，其下多青䨼。𨴯水出焉，而南流注于虖勺，其中多黃金。,"成山,虖勺,青䨼,壇,玉,金",南山經
又東五百里，曰會稽之山，四方，其上多金玉，其下多砆石。勺水出焉，而南流注于湨。,"會稽之山,勺水,砆石,湨,玉,金",南山經
又東五百里，曰夷山，無草木，多沙石，湨水出焉，而南流注于列塗。,"夷山,列塗,沙石,湨",南山經
又東五百里，曰僕勾之山，其上多金玉，其下多草木，無鳥獸，無水。,"僕勾之山,玉,金",南山經
又東四百里，曰洵山，其陽多金，其陰多玉。有獸焉，其狀如羊而無口，不可殺也，其名曰䍺。洵水出焉，而南流注于閼之澤，其中多芘蠃。,"閼之澤,洵山,洵水,羊,䍺,玉,金",南山經
又東四百里，曰虖勺之山，其上多梓柟，其下多荊杞。滂水出焉，而東流注于海。,"虖勺之山,滂水,梓,柟,杞",南山經
又東五百里，曰區吳之山，無草木，多砂石。鹿水出焉，而南流注于滂水。,"鹿水,滂水,砂石",南山經
又東五百里，曰鹿吳之山，上無草木，多金石。澤更之水出焉，而南流注于滂水。水有獸焉，名曰蠱雕，其狀如雕而有角，其音如嬰兒之音，是食人。,"澤更之水,蠱雕,滂水,鹿,嬰,金,石",南山經
東五百里，曰漆吳之山，無草木，多博石，無玉。處于海，東望丘山，其光載出載入，是惟日次。,"博石,漆,玉",南山經
凡《南次二經》之首，自柜山至于漆吳之山，凡十七山，七千二百里。其神狀皆龍身而鳥首。其祠：毛用一璧瘞，糈用稌。,"南次二經,柜山,龍,漆,瘞,毛,璧,糈",南山經
《南次三經》之首，曰天虞之山，其下多水，不可以上。,"天虞之山,南次三經",南山經
東五百里，曰禱過之山，其上多金玉，其下多犀、兕，多象。有鳥焉，其狀如鵁，而白首、三足、人面，其名曰瞿如，其鳴自號也。泿水出焉，而南流注于海。其中有虎蛟，其狀魚身而蛇尾，其音如鴛鴦，食者不腫，可以已痔。,"禱過之山,虎蛟,鴛鴦,瞿如,泿水,犀,象,兕,蛇,鵁,痔,玉,金",南山經
又東五百里，曰丹穴之山，其上多金玉。丹水出焉，而南流注于渤海。有鳥焉，其狀如雞，五采而文，名曰鳳皇，首文曰德，翼文曰義，背文曰禮，膺文曰仁，腹文曰信。是鳥也，飲食自然，自歌自舞，見則天下安寧。,"丹穴之山,鳳皇,丹水,渤海,信,玉,金",南山經
又東五百里，曰發爽之山，無草木，多水，多白猿。汎水出焉，而南流注于渤海。,"發爽之山,白猿,渤海",南山經
又東四百里，至于旄山之尾，其南有谷，曰育遺，多怪鳥，凱風自是出。,"怪鳥,旄山,育遺,凱風",南山經
又東四百里，至于非山之首，其上多金玉，無水，其下多蝮虫。,"蝮虫,非山,玉,金",南山經
又東五百里，曰灌湘之山，上多木，無草；多怪鳥，無獸。,"灌湘之山,怪鳥",南山經
又東五百里，曰鷄山，其上多金，其下多丹雘。黑水出焉，而南流注于海。其中有鱄魚，其狀如鮒而彘毛，其音如豚，見則天下大旱。,"鱄魚,鷄山,丹雘,彘,豚,鮒,毛,金",南山經
又東四百里，曰令丘之山，無草木，多火。其南有谷焉，曰中谷，條風自是出。有鳥焉，其狀如梟，人面四目而有耳，其名曰顒，其鳴自號也，見則天下大旱。,"令丘之山,中谷,條風,梟",南山經
又東三百七十里，曰侖者之山，其上多金玉，其下多青䨼。有木焉，其狀如穀而赤理，其汗如漆，其味如飴，食者不飢，可以釋勞，其名曰白䓘，可以血玉。,"侖者之山,白䓘,青䨼,漆,勞,玉,金,飴",南山經
又東五百八十里，曰禺槀之山，多怪獸，多大蛇。,"禺槀之山,怪獸,大蛇",南山經
東五百八十里，曰南禺之山，其上多金玉，其下多水。有穴焉，水春輒入，夏乃出，冬則閉。佐水出焉，而東南流注于海，有鳳皇、鵷鶵。,"南禺之山,鵷鶵,鳳皇,佐水,玉,金",南山經
凡《南次三經》之首，自天虞之山以至南禺之山，凡一十四山，六千五百三十里。其神皆龍身而人面。其祠皆一白狗祈，糈用稌。,"天虞之山,南禺之山,南次三經,白狗,龍,祈,糈",南山經
東北海之外，大荒之中，河水之間，附禺之山，帝顓頊與九嬪葬焉。爰有𩿨久、文貝、離俞、鸞鳥、凰鳥、大物、小物。有青鳥、琅鳥、玄鳥、黃鳥、虎、豹、熊、羆、黃蛇、視肉、璿、瑰、瑤、碧，皆出衛於山。丘方圓三百里，丘南帝俊竹林在焉，大可為舟。竹南有赤澤水，名曰封淵。有三桑無枝。丘西有沉淵，顓頊所浴。,"附禺之山,帝俊竹林,帝顓頊,視肉,文貝,玄鳥,鸞鳥,琅鳥,離俞,青鳥,北海,沉淵,封淵,三桑,熊,豹,虎,羆,蛇,舟,河,枝,碧",大荒北經
有胡不與之國，烈姓，黍食。,"胡不與之國,黍",大荒北經
大荒之中，有山名曰不咸。有肅慎氏之國。有悲蛭，四翼。有蟲，獸首蛇身，名曰琴蟲。,"琴蟲,不咸,蛇",大荒北經
有人名曰大人。有大人之國，釐姓，黍食。有大青蛇，黃頭，食麈。,"大青蛇,大人,麈,黍",大荒北經
有榆山。有鯀攻程州之山。,"鯀攻程州之山,榆山",大荒北經
大荒之中，有山名曰衡天。有先民之山。有槃木千里。,"先民之山,衡天,槃木",大荒北經
有叔歜國。顓頊之子，黍食，使四鳥：虎、豹、熊、羆。有黑蟲，如熊狀，名曰猎猎。,"叔歜國,猎猎,熊,豹,虎,羆,蟲,黍",大荒北經
有北齊之國，姜姓，使虎、豹、熊、羆。,"北齊之國,熊,豹,虎,羆",大荒北經
大荒之中，有山名曰先檻大逢之山，河、濟所入，海北注焉。其西有山，名曰禹所積石。,"禹,檻,河,濟,石",大荒北經
有陽山者。有順山者，順水出焉。有始州之國，有丹山。,"始州之國,陽山,丹山,順山,順水",大荒北經
有毛民之國，依姓，食黍，使四鳥。禹生均國，均國生役采，役采生脩鞈，脩鞈殺綽人。帝念之，潛為之國，是此毛民。,"毛民之國,脩鞈,綽人,均國,禹,帝,黍",大荒北經
有儋耳之國，任姓，禺號子，食穀。北海之渚中，有神，人面鳥身，珥兩青蛇，踐兩赤蛇，名曰禺彊。,"儋耳之國,禺號,禺彊,赤蛇,青蛇,北海",大荒北經
大荒之中，有山名曰北極天樻，海水北注焉。有神，九首人面鳥身，名曰九鳳。又有神衘蛇操蛇，其狀虎首人身，四蹄長肘，名曰彊良。,"北極天樻,彊良,虎,蛇",大荒北經
大荒之中，有山名曰成都載天。有人珥兩黃蛇，把兩黃蛇，名曰夸父。后土生信，信生夸父。夸父不量力，欲追日景，逮之於禺谷。捋飲河而不足也，將走大澤，未至，死于此。應龍已殺蚩尤，又殺夸父，乃去南方處之，故南方多雨。,"成都載天,蚩尤,后土,夸父,應龍,大澤,禺谷,信,蛇,河",大荒北經
共工臣名曰相繇，九首蛇身，自環，食于九土。其所歍所尼，即為源澤，不辛乃苦，百獸莫能處。禹湮洪水，殺相繇，其血腥臭，不可生穀，其地多水，不可居也。禹湮之，三仞三沮，乃以為池，群帝是因以為臺。在崑崙之北。,"相繇,共工,崑崙,禹,帝,蛇,環",大荒北經
有係昆之山者，有共工之臺，射者不敢北嚮。有人衣青衣，名曰黃帝女魃。蚩尤作兵伐黃帝，黃帝乃令應龍攻之冀州之野。應龍畜水，蚩尤請風伯、雨師，縱大風雨。黃帝乃下天女曰魃。雨止，遂殺蚩尤。魃不得復上，所居不雨。叔均言之帝，後置之赤水之北，叔均乃為田祖。魃時亡之。所欲逐之者，令曰：「神北行！」先除水道，決通溝瀆。,"係昆之山,共工之臺,赤水,蚩尤,叔均,田祖,應龍,雨師,帝女,風伯,女魃,青衣,冀州,逐",大荒北經
有鍾山者。有女子衣青衣，名曰赤水女子獻。,"赤水女子獻,青衣,鍾山",大荒北經
大荒之中，有山名曰融父山，順水入焉。有人名曰犬戎。黃帝生苗龍，苗龍生融吾，融吾生弄明，弄明生白犬，白犬有牝牡，是為犬戎，肉食。有赤獸，馬狀無首，名曰戎宣王尸。,"戎宣王尸,融父山,白犬,苗龍,弄明,犬戎,融吾,順水,帝,馬",大荒北經
有山名曰齊州之山、君山、鬵山、鮮野山、魚山。,"齊州之山,鮮野山,魚山,鬵山,君山",大荒北經
有人一目，當面中生，一曰是威姓，少昊之子，食黍。,"少昊之子,黍",大荒北經
有繼無民，繼無民任姓，無骨子，食氣、魚。,"繼無民,無骨",大荒北經
西北海外，流沙之東，有國曰中䡢，顓頊之子，食黍。,"北海,流沙,黍",大荒北經
西北海外，黑水之北，有人有翼，名曰苗民。顓頊生驩頭，驩頭生苗民，苗民百姓，食肉。有山名曰章山。,"驩頭,苗民,章山,北海",大荒北經
大荒之中，有衡石山、九陰山、泂野之山，上有赤樹，青葉，赤華，名曰若木。,"衡石山,若",大荒北經
有牛黎之國。有人無骨，儋耳之子。,"無骨,儋耳,牛",大荒北經
西北海之外，赤水之北，有章尾山。有神，人面蛇身而赤，直目正乘，其瞑乃晦，其視乃明，不食，不寢，不息，風雨是謁。是燭九陰，是謂燭龍。,"赤水,燭龍,尾山,北海,蛇,視,風",大荒北經
南海之外，赤水之西，流沙之東，有獸，左右有首，名曰䟣踢。有三青獸相并，名曰雙雙。,"三青獸,赤水,䟣踢,雙雙,南海,流沙,相",大荒南經
有阿山者。南海之中，有氾天之山，赤水窮焉。赤水之東，有蒼梧之野，舜與叔均之所葬也。爰有文貝、離俞、𩿨久、鷹、賈、委維、熊、羆、象、虎、豹、狼、視肉。,"蒼梧之野,赤水,叔均,視肉,委維,文貝,離俞,阿山,南海,舜,熊,象,豹,虎,狼,羆,鷹,賈",大荒南經
有滎山，滎水出焉。黑水之南，有玄蛇，食麈。,"玄蛇,滎山,滎水,麈",大荒南經
有巫山者，西有黃鳥。帝藥，八齋。黃鳥於巫山，司此玄蛇。,"玄蛇,巫山,帝,齋",大荒南經
大荒之中，有不庭之山，榮水窮焉。有人三身，帝俊妻娥皇，生此三身之國，姚姓，黍食，使四鳥。有淵四方，四隅皆達，北屬黑水，南屬大荒，北旁名曰少和之淵，南旁名曰從淵，舜之所浴也。,"不庭之山,少和之淵,娥皇,三身,帝俊,舜,榮,黍",大荒南經
又有成山，甘水窮焉。有季禺之國，顓頊之子，食黍。有羽民之國，其民皆生毛羽。有卵民之國，其民皆生卵。,"季禺之國,成山,甘水,羽,毛,黍",大荒南經
大荒之中，有不姜之山，黑水窮焉。又有賈山，汔水出焉。又有言山。又有登備之山。有恝恝之山。又有蒲山，澧水出焉。又有隗山，其西有丹，其東有玉。又南有山，漂水出焉。有尾山。有翠山。,"恝恝之山,不姜之山,隗山,尾山,言山,翠山,賈山,蒲山,澧水,漂水,汔水,玉,丹",大荒南經
有盈民之國，於姓，黍食。又有人方食木葉。,"盈民之國,黍",大荒南經
有不死之國，阿姓，甘木是食。,"不死之國,甘木",大荒南經
大荒之中，有山名曰去痓。南極果，北不成，去痓果。,"南極,去痓",大荒南經
南海渚中，有神，人面，珥兩青蛇，踐兩赤蛇，曰不廷胡余。,"不廷胡余,赤蛇,青蛇,南海",大荒南經
有神名曰因因乎，南方曰因乎，夸風曰乎民。處南極以出入風。,"因因乎,乎民,南極,風",大荒南經
有襄山。又有重陰之山。有人食獸，曰季釐。帝俊生季釐，故曰季釐之國。有緡淵。少昊生倍伐，倍伐降處緡淵。有水四方，名曰俊壇。,"季釐之國,倍伐,帝俊,少昊,襄山,俊壇,緡淵,重",大荒南經
有臷民之國。帝舜生無淫，降臷處，是謂巫臷民。巫臷民肦姓，食穀，不績不經，服也；不稼不穡，食也。爰有歌舞之鳥，鸞鳥自歌，鳳鳥自舞。爰有百獸，相群爰處。百穀所聚。,"歌舞之鳥,巫臷民,帝舜,鸞鳥,服,相",大荒南經
有人曰鑿齒，羿殺之。,"鑿齒,羿",大荒南經
有蜮山者，有蜮民之國，桑姓，食黍，射蜮是食。有人方扜弓射黃蛇，名曰蜮人。,"蜮民之國,蜮人,蜮山,蛇,弓,桑,黍",大荒南經
有宋山者，有赤蛇，名曰育蛇。有木生山上，名曰楓木。楓木，蚩尤所棄其桎梏，是謂楓木。,"蚩尤,育蛇,赤蛇,桎梏,宋山,楓木",大荒南經
大荒之中，有山名㱙塗之山，青水窮焉。有雲雨之山，有木名曰欒。禹攻雲雨，有赤石焉生欒，黃本，赤枝，青葉，群帝焉取藥。,"㱙塗之山,雲雨之山,青水,赤石,禹,帝,欒,枝",大荒南經
有國曰顓頊，生伯服，食黍。有鼬姓之國。有苕山。又有宗山。又有姓山。又有壑山。又有陳州山。又有東州山。又有白水山，白水出焉，而生白淵，昆吾之師所浴也。,"鼬姓之國,陳州山,東州山,白水山,伯服,昆吾,苕山,姓山,宗山,壑山,白淵,黍",大荒南經
有人焉，鳥喙，有翼，方捕魚於海。大荒之中，有人名曰驩頭。鯀妻士敬，士敬子曰炎融，生驩頭。驩頭人面鳥喙，有翼，食海中魚，杖翼而行。維宜芑苣，穋楊是食。有驩頭之國。,"驩頭之國,炎融,士敬,鯀,杖,楊,芑,苣,穋",大荒南經
帝堯、帝嚳、帝舜葬於岳山。爰有文貝，離俞、𩿨久、鷹、賈、延維、視肉、熊、羆、虎、豹；朱木，赤支，青華，玄實。有申山者。,"帝嚳,帝舜,帝堯,視肉,延維,文貝,離俞,岳山,申山,朱木,熊,豹,虎,羆,鷹,賈",大荒南經
東南海之外，甘水之間，有羲和之國。有女子名曰羲和，方浴日於甘淵。羲和者，帝俊之妻，生十日。,"羲和之國,帝俊,甘水,南海,甘淵",大荒南經
有蓋猶之山者，其上有甘柤，枝幹皆赤，黃葉，白華，黑實。東又有甘華，枝幹皆赤，黃葉。有青馬。有赤馬，名曰三騅。有視肉。,"視肉,赤馬,青馬,三騅,甘華,甘柤,枝",大荒南經
有小人名曰菌人。,"小人,菌人",大荒南經
有南類之山，爰有遺玉、青馬、三騅、視肉、甘華，百穀所在。,"南類之山,視肉,青馬,三騅,甘華,遺玉",大荒南經
東海之外大壑，少昊之國。少昊孺帝顓頊於此，棄其琴瑟。有甘山者，甘水出焉，生甘淵。,"少昊之國,帝顓頊,甘山,甘水,東海,甘淵,大壑,琴,瑟",大荒東經
東海之外，大荒之中，有山名曰大言，日月所出。,"大言,東海",大荒東經
有波谷山者，有大人之國。有大人之市，名曰大人之堂。有一大人踆其上，張其兩耳。,"大人之市,大人之堂,波谷山",大荒東經
有小人國，名靖人。,"小人國,靖人",大荒東經
有潏山，楊水出焉。,"潏山,楊水",大荒東經
有蒍國，黍食，使四鳥：虎、豹、熊、羆。,"熊,豹,虎,羆,黍",大荒東經
有中容之國。帝俊生中容，中容人食獸，木實，使四鳥：豹、虎、熊、羆。,"中容之國,中容人,帝俊,熊,豹,虎,羆",大荒東經
有東口之山。有君子之國，其人衣冠帶劍。,"東口之山,帶,冠",大荒東經
有司幽之國。帝俊生晏龍，晏龍生司幽，司幽生思士，不妻；思女，不夫。食黍，食獸，是使四鳥。,"司幽之國,晏龍,思女,思士,帝俊,黍",大荒東經
有白民之國。帝俊生帝鴻，帝鴻生白民，白民銷姓，黍食，使四鳥：虎、豹、熊、羆。,"白民之國,帝鴻,帝俊,熊,豹,虎,羆,黍",大荒東經
有黑齒之國。帝俊生黑齒，姜姓，黍食，使四鳥。,"帝俊,黍",大荒東經
有夏州之國。有蓋余之國。,"夏州之國,蓋余之國",大荒東經
大荒之中，有山名曰鞠陵于天、東極、離瞀、日月所出。名曰折丹，東方曰折，來風曰俊，處東極以出入風。,"鞠陵于天,折丹,東極,離瞀,風,俊",大荒東經
東海之渚中，有神，人面鳥身，珥兩黃蛇，踐兩黃蛇，名曰禺䝞。黃帝生禺𧴆，禺𧴆生禺京，禺京處北海，禺𧴆處東海，是惟海神。,"禺䝞,禺京,海神,東海,北海,帝,蛇",大荒東經
有招搖山，融水出焉。有國曰玄股，黍食，使四鳥。,"融水,黍",大荒東經
有困民國，勾姓而食。有人曰王亥，兩手操鳥，方食其頭。王亥託于有易，河伯僕牛。有易殺王亥，取僕牛。河念有易，有易潛出，為國於獸，方食之，名曰搖民。帝舜生戲，戲生搖民。,"困民國,王亥,有易,河伯,帝舜,僕牛,勾",大荒東經
海內有兩人，名曰女丑。女丑有大蟹。,"女丑,大蟹",大荒東經
大荒之中，有山名曰孽搖頵羝，上有扶木，柱三百里，其葉如芥。有谷曰溫源谷，湯谷上有扶木。一日方至，一日方出，皆載於烏。,"湯谷,扶木,烏,芥",大荒東經
有神，人面、犬耳、獸身，珥兩青蛇，名曰奢比尸。,"青蛇,犬",大荒東經
有五彩之鳥，相鄉棄沙，惟帝俊下友，帝下兩壇，彩鳥是司。,"五彩之鳥,帝俊,彩鳥,壇,相",大荒東經
大荒之中，有山名曰猗天蘇門，日月所生，有壎民之國。,"猗天蘇門,壎民之國",大荒東經
有綦山。又有搖山。有䰝山。又有門戶山。又有盛山。又有待山。有五彩之鳥。,"五彩之鳥,䰝山,待山,綦山,盛山",大荒東經
東荒之中，有山名曰壑明俊疾，日月所出。有中容之國。,"壑明俊疾,中容之國",大荒東經
東北海外，又有三青馬、三騅、甘華。爰有遺玉、三青鳥、三騅、視肉、甘華、甘柤、百穀所在。,"三青馬,三青鳥,視肉,三騅,北海,甘華,甘柤,遺玉",大荒東經
有女和月母之國。有人名曰𪂧，北方曰𪂧，來之風曰𤟇，是處東極隅以止日月，使無相間出沒，司其短長。,"女和月母之國,東極,𪂧,相,風,𤟇",大荒東經
大荒東北隅中，有山名曰凶犁土丘。應龍處南極，殺蚩尤與夸父，不得復上。故下數旱，旱而為應龍之狀，乃得大雨。,"凶犁土丘,蚩尤,夸父,應龍,南極,大雨",大荒東經
東海中有流波山，入海七千里。其上有獸，狀如牛，蒼身而無角，一足，出入水則必風雨，其光如日月，其聲如雷，其名曰夔。黃帝得之，以其皮為鼓，橛以雷獸之骨，聲聞五百里，以威天下。,"流波山,雷獸,東海,帝,夔,牛,風",大荒東經
西北海之外，大荒之隅，有山而不合，名曰不周負子。有兩黃獸守之。有水曰寒暑之水，水西有濕山，水東有幕山。有禹攻共工國山。,"禹攻共工國山,不周負子,寒暑之水,幕山,濕山,北海",大荒西經
有神十人，名曰女媧之腸，化為神，處栗廣之野。橫道而處。,"女媧之腸,栗廣之野",大荒西經
有人名曰石夷，來風曰韋，處西北隅以司日月之長短。,"石夷,風,韋",大荒西經
有五彩之鳥，有冠，名曰狂鳥。,"五彩之鳥,冠,狂",大荒西經
有大澤之長山。有白民之國。,"大澤之長山,白民之國",大荒西經
西北海之外，赤水之東，有長脛之國。,"長脛之國,赤水,北海",大荒西經
有西周之國，姬姓，食穀。有人方耕，名曰叔均。帝俊生后稷，稷降以百穀。稷之弟曰台蠒，生叔均。叔均是代其父及稷播百穀，始作耕。有赤國妻氏。有雙山。,"赤國妻氏,西周之國,后稷,叔均,台蠒,帝俊,雙山,耕,代",大荒西經
西海之外，大荒之中，有方山者，上有青樹，名曰柜格之松，日月所出入也。,"柜格之松,方山,西海,青樹",大荒西經
西北海之外，赤水之西，有先民之國，食穀，使四鳥。,"先民之國,赤水,北海",大荒西經
有北狄之國。黃帝之孫曰始均，始均生北狄。,"北狄之國,始均,帝",大荒西經
有芒山。有桂山。有榣山。其上有人，號曰太子長琴。顓頊生老童，老童生祝融，祝融生太子長琴，是處搖山，始作樂風。,"太子長琴,樂風,祝融,老童,桂山,芒山",大荒西經
有五彩鳥三名：一曰皇鳥，一曰鸞鳥，一曰鳳鳥。,"彩鳥,鸞鳥",大荒西經
有蟲狀如菟，胸以後者裸不見，青如猨狀。,"猨,蟲",大荒西經
有靈山，巫咸、巫即、巫肦、巫彭、巫姑、巫真、巫禮、巫抵、巫謝、巫羅十巫，從此升降，百藥爰在。,"巫抵,巫姑,巫即,巫禮,巫羅,巫彭,巫咸,巫謝,巫真,靈山",大荒西經
西有王母之山、壑山、海山。有沃之國，沃民是處。沃之野，鳳鳥之卵是食，甘露是飲。凡其所欲，其味盡存。爰有甘華、甘柤、白柳、視肉、三騅、琁瑰、瑤碧、白木、琅玕、白丹、青丹，多銀鐵。鸞鳥自歌，鳳鳥自舞，爰有百獸，相群是處，是謂沃之野。,"王母之山,沃之野,沃之國,沃民,視肉,三騅,鸞鳥,海山,壑山,甘華,甘柤,白木,琁瑰,白丹,琅玕,青丹,甘露,相,銀,碧,鐵",大荒西經
大荒之中，有龍山，日月所入。有三澤水，名曰三淖，昆吾之所食也。,"三澤水,昆吾,龍山,三淖",大荒西經
有桃山。有䖟山。有桂山。有于土山。,"于土山,桃山,桂山,䖟山",大荒西經
有弇州之山，五彩之鳥仰天，名曰鳴鳥。爰有百樂歌儛之風。,"五彩之鳥,弇州之山,鳴鳥,儛,風",大荒西經
有軒轅之國。江山之南棲為吉，不壽者乃八百歲。,"軒轅之國,江山",大荒西經
西海陼中，有神人面鳥身，珥兩青蛇，踐兩赤蛇，名曰弇茲。,"赤蛇,青蛇,西海",大荒西經
大荒之中，有山名曰日月山，天樞也。吳姖天門，日月所入。有神人面無臂，兩足反屬于頭上，名曰噓。顓頊生老童，老童生重及黎，帝令重獻上天，令黎卭下地，下地是生噎，處於西極，以行日月星辰之行次。,"日月山,老童,西極,噎,重,帝",大荒西經
有玄丹之山。有五色之鳥，人面有髮。爰有青鴍、黃鷔，青鳥、黃鳥，其所集者其國亡。,"玄丹之山,青鳥,青鴍",大荒西經
有巫山者。有壑山者。有金門之山，有人名曰黃姖之尸。有比翼之鳥。有白鳥青翼，黃尾，玄喙。有赤犬，名曰天犬，其所下者有兵。,"金門之山,赤犬,天犬,白鳥,巫山,壑山",大荒西經
西海之南，流沙之濱，赤水之後，黑水之前，有大山，名曰崑崙之丘。有神，人面虎身，有文有尾，皆白，處之。其下有弱水之淵環之，其外有炎火之山，投物輒然。有人戴勝，虎齒，有豹尾，穴處，名曰西王母。此山萬物盡有。,"炎火之山,弱水之淵,西王母,赤水,大山,崑崙,西海,流沙,豹,虎,環,勝,投",大荒西經
有寒荒之國。有二人女祭、女薎。,"寒荒之國,女祭,女薎",大荒西經
有壽麻之國。南岳娶州山女，名曰女虔。女虔生季格，季格生壽麻。壽麻正立無景，疾呼無嚮。爰有大暑，不可以往。,"壽麻之國,州山,季格,女虔,南岳,大暑",大荒西經
有人無首，操戈盾立，名曰夏耕之尸。故成湯伐夏桀于章山，克之，斬耕厥前。耕既立，無首，走厥咎，乃降于巫山。,"夏耕之尸,夏桀,成湯,巫山,章山,盾,戈,厥",大荒西經
大荒之中，有山名曰大荒之山，日月所入。有人焉三面，是顓頊之子，三面一臂，三面之人不死，是謂大荒之野。,"大荒之山,大荒之野",大荒西經
西南海之外，赤水之南，流沙之西，有人珥兩青蛇，乘兩龍，名曰夏后開。開上三嬪于天，得九辯與九歌以下。此天穆之野，高二千仞，開焉得始歌九招。,"天穆之野,夏后開,九辯,九歌,九招,赤水,青蛇,南海,流沙,龍",大荒西經
有互人之國。炎帝之孫，名曰靈恝，靈恝生互人，是能上下于天。,"互人之國,靈恝,炎帝",大荒西經
有魚偏枯，名曰魚婦。顓頊死即復蘇。風道北來，天乃大水泉，蛇乃化為魚，是謂魚婦。顓頊死即復蘇。,"魚婦,蛇,蘇,風",大荒西經
有青鳥，身黃，赤足，六首，名曰𪇆鳥。,"𪇆鳥,青鳥",大荒西經
有大巫山。有金之山。西南，大荒之中隅，有徧勾、常羊之山。,"常羊之山,大巫山,金之山,徧勾",大荒西經
按：夏后開即啟，避漢景帝諱云。,"夏后開,帝",大荒西經
《東山經》之首，曰樕𧑤之山，北臨乾昧。食水出焉，而東北流注于海。其中多鱅鱅之魚，其狀如犂牛，其音如彘鳴。,"鱅鱅之魚,樕𧑤之山,犂牛,乾昧,食水,彘",東山經
又南三百里，曰藟山，其上有玉，其下有金。湖水出焉，東流注于食水，其中多活師。,"活師,藟山,湖水,食水,玉,金",東山經
又南三百里，曰栒狀之山，其上多金玉，其下多青碧石。有獸焉，其狀如犬，六足，其名曰從從，其鳴自詨。有鳥焉，其狀如鷄而鼠毛，其名曰䖪鼠，見則其邑大早。𣲵水出焉，而北流注于湖水。其中多箴魚，其狀如鯈，其喙如箴，食之無疫疾。,"栒狀之山,從從,箴魚,𣲵水,湖水,疫疾,青碧,犬,鼠,鷄,毛,玉,金,石",東山經
又南三百里，曰番條之山，無草木，多沙。減水出焉，北流注于海，其中多鱤魚。,"番條之山,鱤魚,減水",東山經
又南四百里，曰姑兒之山，其上多漆，其下多桑柘。姑兒之水出焉，北流注于海，其中多鱤魚。,"姑兒之山,姑兒之水,鱤魚,柘,漆,桑",東山經
又南四百里，曰高氏之山，其上多玉，其下多箴石。諸繩之水出焉，東流注于澤，其中多金玉。,"諸繩之水,箴石,玉,金",東山經
又南三百里，曰嶽山，其上多桑，其下多樗。濼水出焉，東流注于澤，其中多金玉。,"嶽山,濼水,桑,樗,玉,金",東山經
又南三百里，曰豺山，其上無草木，其下多水，其中多堪㐨之魚。有獸焉，其狀如夸父而彘毛，其音如呼，見則天下大水。,"堪㐨之魚,夸父,彘,豺,毛",東山經
又南三百里，曰獨山，其上多金玉，其下多美石。末塗之水出焉，而東南流注于沔，其中多𧌁䗤，其狀如黃蛇，魚翼，出入有光，見則其邑大旱。,"末塗之水,獨山,美石,蛇,沔,玉,金",東山經
又南三百里，曰泰山，其上多玉，其下多金。有獸焉，其狀如豚而有珠，名曰狪狪，其名自䚯。環水出焉，東流注于江，其中多水玉。,"狪狪,泰山,環水,水玉,豚,珠,江,金",東山經
又南三百里，曰竹山，錞于江，無草木，多瑤碧。激水出焉，而東南流注于娶檀之水，其中多茈羸。,"娶檀之水,茈羸,竹山,激水,江,碧",東山經
凡《東山經》之首，自樕𧑤之山以至于竹山，凡十二山，三千六百里。其神狀皆人身龍首。祠：毛用一犬祈，䎶用魚。,"樕𧑤之山,竹山,龍,犬,䎶,祈,毛",東山經
《東次二經》之首，曰空桑之山，北臨食水，東望沮吳，南望沙陵，西望湣澤。有獸焉，其狀如牛而虎文，其音如欽，其名曰軨軨，其鳴自叫，見則天下大水。,"空桑之山,東次二經,軨軨,食水,湣澤,沙陵,虎,牛,欽",東山經
又西南四百里，曰嶧皋之山，其上多金玉，其下多白堊。嶧皋之水出焉，東流注于激女之水，其中多蜃珧。,"激女之水,蜃珧,白堊,玉,金",東山經
又南水行五百里，流沙三百里，至于葛山之尾，無草木，多砥礪。,"葛山,流沙,砥,礪",東山經
又南三百八十里，曰葛山之首，無草木。澧水出焉，東流注于余澤，其中多珠蟞魚，其狀如肺而有目，六足有珠，其味酸甘，食之無癘。,"珠蟞魚,葛山,澧水,余澤,癘",東山經
又南三百八十里，曰餘峨之山，其上多梓柟，其下多荊芑。雜余之水出焉，東流注于黃水。有獸焉，其狀如菟而鳥喙，鴟目蛇尾，見人則眠，名曰犰狳，其鳴自䚯，見則螽蝗為敗。,"雜余之水,螽,蝗,蛇,鴟,梓,柟,芑",東山經
又南三百里，曰耿山，無草木，多水碧，多大蛇。有獸焉，其狀如狐而魚翼，其名曰朱獳，其鳴自叫，見則其國有恐。,"朱獳,大蛇,耿山,水碧,狐",東山經
又南三百里，曰盧其之山，無草木，多沙石。沙水出焉，南流注于涔水，其中多𪁐鶘，其狀如鴛鴦而人足，其鳴自䚯，見則其國多土功。,"盧其之山,鴛鴦,𪁐鶘,涔水,沙水,沙石",東山經
又南水行三百里，流沙百里，曰北姑射之山，無草木，多石。,"北姑射之山,流沙,石",東山經
又南三百里，曰碧山，無草木，多大蛇，多碧水玉。,"大蛇,碧山,水玉",東山經
又南五百里，曰維氏之山，無草木，多金玉。原水出焉，東流注于沙澤。,"維氏之山,原水,沙澤,玉,金",東山經
又南三百里，曰姑逢之山，無草木，多金玉。有獸焉，其狀如狐而有翼，其音如鴻鴈，其名曰獙獙，見則天下大旱。,"姑逢之山,獙獙,鴻鴈,狐,玉,金",東山經
又南五百里，曰鳧麗之山，其上多金玉，其下多箴石。有獸焉，其狀如狐，而九尾、九首、虎爪，名曰蠪姪，其音如嬰兒，是食人。,"蠪姪,箴石,鳧,虎,狐,嬰,玉,金",東山經
又南五百里，曰䃌山，南臨䃌水，東望湖澤。有獸焉，其狀如馬，而羊目、四角、牛尾，其音如獋狗，其名曰峳峳，見則其國多狡客。有鳥焉，其狀如鳧而鼠尾，善登木，其名曰絜鉤，見則其國多疫。,"峳峳,獋狗,䃌山,䃌水,湖澤,鳧,羊,狡,馬,牛,鼠",東山經
凡《東次二經》之首，自空桑之山至于䃌山，凡十七山，六千六百四十里。其神狀皆獸身人面載觡。其祠：毛用一鷄祈，嬰用一璧瘞。,"空桑之山,東次二經,䃌山,鷄,觡,瘞,嬰,祈,毛,璧",東山經
又《東次三經》之首，曰尸胡之山，北望𦍲山，其上多金玉，其下多棘。有獸焉，其狀如麋而魚目，名曰妴胡，其鳴自䚯。,"尸胡之山,東次三經,妴胡,麋,棘,玉,金",東山經
又南水行八百里，曰岐山，其木多桃李，其獸多虎。,"虎,李,桃",東山經
又南水行五百里，曰諸鉤之山，無草木，多沙石。是山也，廣員百里，多寐魚。,"寐魚,沙石",東山經
又東水行千里，曰胡射之山，無草木，多沙石。,"胡射之山,沙石",東山經
又南水行七百里，曰孟子之山，其木多梓桐，多桃李，其草多菌蒲，其獸多麋鹿。是山也，廣員百里。其上有水出焉，名曰碧陽，其中多鱣鮪。,"孟子之山,碧陽,菌蒲,鹿,麋,鮪,梓,李,桐,桃",東山經
又南水行五百里，曰流沙，行五百里，有山焉，曰跂踵之山，廣員二百里，無草木，有大蛇，其上多玉。有水焉，廣員四十里皆涌，其名曰深澤，其中多蠵龜。有魚焉，其狀如鯉，而六足鳥尾，名曰鮯鮯之魚，其鳴自叫。,"鮯鮯之魚,跂踵之山,大蛇,蠵龜,深澤,流沙,玉",東山經
又南水行九百里，曰踇隅之山，其上有草木，多金玉，多赭。有獸焉，其狀如牛而馬尾，名曰精精，其鳴自叫。,"踇隅之山,精精,馬,牛,玉,赭,金",東山經
又南水行五百里，流沙三百里，至于無皋之山，南望幼海，東望榑木，無草木，多風。是山也，廣員百里。,"幼海,流沙,榑木,風",東山經
凡《東次三經》之首，自尸胡之山至于無睪之山，凡十九山，六千九百里。其神狀皆人身而羊角。其祠：用一牡羊，米用黍。是神也，見則風雨水為敗。,"無睪之山,尸胡之山,東次三經,牡羊,風,黍,米",東山經
又《東次四經》之首，曰北號之山，臨于北海。有木焉，其狀如楊，赤華，其實如棗而無核，其味酸甘，食之不瘧。食水出焉，而東北流注于海。有獸焉，其狀如狼，赤首鼠目，其音如豚，名曰猲狙，是食人。有鳥焉，其狀如鷄而白首，鼠足而虎爪，其名曰鬿雀，亦食人。,"北號之山,東次四經,猲狙,鬿雀,食水,北海,虎,狼,鼠,豚,鷄,楊,棗,瘧",東山經
又南三百里，曰旄山，無草木。蒼體之水出焉，而西流注于展水。其中多鱃魚，其狀如鯉而大首，食者不疣。,"蒼體之水,鱃魚,旄山,展水,疣",東山經
又南三百二十里，曰東始之山，上多蒼玉。有木焉，其狀如楊而赤理，其汁如血，不實，其名曰芑，可以服馬。泚水出焉，而東北流注于海，其中多美貝，多茈魚，其狀如鮒，一首而十身，其臭如蘪蕪，食之不屁。,"東始之山,美貝,茈魚,泚水,蘪蕪,蒼玉,馬,鮒,服,楊,芑",東山經
又東南三百里，曰女烝之山，其上無草木。石膏水出焉，而西注于鬲水，其中多薄魚，其狀如鱣魚而一目，其音如歐，見則天下大旱。,"女烝之山,石膏水,鱣魚,薄魚,鬲水",東山經
又東南二百里，曰欽山，多金玉而無石。師水出焉，而北流注于皋澤，其中多鱃魚，多文貝。有獸焉；其狀如豚而有牙，其名曰當康，其鳴自叫，見則天下大穰。,"當康,文貝,鱃魚,欽山,師水,豚,玉,金,石",東山經
又東南二百里，曰子桐之山。子桐之水出焉；而西流注于餘如之澤。其中多䱻魚，其狀如魚而鳥翼，出入有光，其音如鴛鴦，見則天下大旱。,"子桐之山,子桐之水,餘如之澤,䱻魚,鴛鴦",東山經
又東北二百里，曰剡山，多金玉。有獸焉，其狀如彘而人面，黃身而赤尾，其名曰合窳，其音如嬰兒。是獸也，食人，亦食蟲蛇，見則天下大水。,"合窳,蟲蛇,剡山,彘,嬰,玉,金",東山經
又東二百里，曰太山，上多金玉、楨木。有獸焉，其狀如牛而白首，一目而蛇尾，其名曰蜚，行水則竭，行草則死，見則天下大疫。鉤水出焉，而北流注于勞水，其中多鱃魚。,"鱃魚,太山,勞水,楨木,大疫,牛,蜚,蛇,玉,金",東山經
凡《東次四經》之首，自北號之山至于大山，凡八山，一千七百二十里。,"北號之山,東次四經,大山",東山經
蛇巫之山，上有人操杯而東向立。一曰龜山。,"蛇巫之山,龜山,杯",海內北經
西王母梯几而戴勝杖，其南有三青鳥，為西王母取食。在崑崙虛北。,"西王母,三青鳥,崑崙,杖,几,勝",海內北經
有人曰大行伯，把戈。其東有犬封國，貳負之尸在大行伯東。,"貳負之尸,大行伯,犬封國,戈",海內北經
犬封國曰犬戎國，狀如犬。有一女子，方跪進柸食。有文馬，縞身朱鬣，目若黃金，名曰吉量，乘之壽千歲。,"犬封國,犬戎國,文馬,吉量,柸,若,金",海內北經
鬼國在貳負之尸北，為物人面而一目，一曰貳負神在其東，為物人面蛇身。,"貳負之尸,貳負神,鬼國,蛇",海內北經
窮奇狀如虎，有翼，食人從首始，所食被髮，在蜪犬北。一曰從足。,"蜪犬,虎",海內北經
帝堯臺、帝嚳臺、帝丹朱臺、帝舜臺，各二臺，臺四方，在崑崙東北。,"帝丹朱臺,帝嚳臺,帝舜臺,帝堯臺,崑崙",海內北經
大𧔧其狀如螽。朱蛾其狀如蛾。,"朱蛾,螽",海內北經
蟜，其為人虎文，脛有𦜹。在窮奇東。一曰，狀如人。崑崙虛北所有。,"崑崙,蟜,虎",海內北經
據比之尸，其為人折頸被髮，無一手。,"據比,折",海內北經
環拘，其為人獸首人身，一曰蝟狀如狗，黃色。,"環拘,蝟,狗",海內北經
林氏國有珍獸，大若虎，五彩畢具，尾長於身，名曰騶吾，乘之日行千里。,"林氏國,騶吾,虎,若",海內北經
從極之淵深三百仞，維冰夷恒都焉，冰夷人面，乘兩龍。一曰忠極之淵。,"從極之淵,忠極之淵,夷人,龍",海內北經
陽汙之山，河出其中；凌門之山，河出其中。,"陽汙之山,凌門之山,河",海內北經
舜妻登比氏生宵明、燭光，處河大澤，二女之靈能照此所方百里。一曰登北氏。,"登比氏,登北氏,宵明,燭光,大澤,靈,舜,河",海內北經
蓋國在鉅燕南，倭北。倭屬燕。,"鉅燕,倭",海內北經
朝鮮在列陽東，海北山南。列陽屬燕。,"朝鮮,列陽,燕",海內北經
列姑射在海河洲中。,"列姑射,河",海內北經
姑射國在海中，屬列姑射，西南，山環之。,"列姑射,姑射國,環",海內北經
甌居海中。閩在海中，其西北有山。一曰閩中山在海中。,"閩中山,甌",海內南經
天子鄣山在閩西海北。一曰在海中。,"天子鄣,西海,閩",海內南經
伯慮國、離耳國、彫題國、北朐國皆在鬱水南。鬱水出湘陵、南山。一曰相慮。,"彫題國,離耳國,伯慮國,北朐國,南山,湘陵,相慮",海內南經
梟陽國在北朐之西，其為人人面長唇，黑身有毛，反踵，見人笑亦笑，左手操管。,"梟陽國,管,毛",海內南經
兕在舜葬東，湘水南，其狀如牛，蒼黑，一角。,"湘水,舜,牛,兕",海內南經
蒼梧之山，帝舜葬于陽，帝丹朱葬于陰。,"蒼梧之山,帝丹朱,帝舜",海內南經
狌狌知人名，其為獸如豕而人面，在舜葬西。,"狌狌,舜,豕",海內南經
狌狌西北有犀牛，其狀如牛而黑。,"狌狌,犀,牛",海內南經
夏后啟之臣曰孟涂，是司神于巴，人請訟于孟涂之所，其衣有血者乃執之，是請生。居山上，在丹山西。丹山在丹陽南，丹陽居屬也。,"孟涂,丹山,丹陽",海內南經
窫窳龍首，居弱水中，在狌狌知人名之西，其狀如龍首，食人。,"窫窳,狌狌,弱水,龍",海內南經
有木，其狀如牛，引之有皮，若纓、黃蛇。其葉如羅，其實如欒，其木若蓲，其名曰建木，在窫窳西弱水上。,"窫窳,弱水,建木,牛,蛇,羅,纓,欒,蓲,若",海內南經
氐人國在建木西，其為人人面而魚身，無足。,"氐人國,建木",海內南經
巴蛇食象，三歲而出其骨，君子服之，無心腹之疾。其為蛇青黃赤黑。一曰黑蛇青首，在犀牛西。,"心腹之疾,巴蛇,犀,象,牛,服",海內南經
旄馬，其狀如馬，四節有毛。在巴蛇西北，高山南。,"旄馬,巴蛇,毛",海內南經
匈奴、開題之國、列人之國並在西北。,"開題之國,列人之國,匈奴",海內南經
國在流沙中者埻端、璽㬇，在崑崙墟東南。一曰海內之郡，不為郡縣，在流沙中。,"崑崙,流沙,璽㬇,埻端,縣",海內東經
國在流沙外者，大夏、豎沙、居繇、月支之國。,"月支之國,流沙,大夏,居繇",海內東經
西胡白玉山，在大夏東，蒼梧在白玉山西南，皆在流沙西，崑崙墟東南。崑崙山在西胡西，皆在西北。,"白玉山,蒼梧,崑崙,流沙,西胡,大夏",海內東經
雷澤中有雷神，龍身而人頭，鼓其腹。在吳西。,"雷神,雷澤,龍",海內東經
都州在海中。一曰郁州。,"郁州,都州",海內東經
琅瑘臺在渤海間，琅瑘之東。其北有山。一曰在海間。,"琅瑘臺,渤海",海內東經
韓鴈在海中，都州南。,"都州,韓鴈",海內東經
始鳩在海中，轅厲南。,"轅厲,始鳩",海內東經
會稽山在大楚南。,"會稽山,大楚",海內東經
岷三江：首…大江出汶山，北江出曼山，南江出高山。高山在城都西。入海，在長州南。浙江出三天子都，在其東。在閩西北，入海，餘暨南。廬江出三天子都，入江，彭澤西。一曰天子鄣。淮水出餘山，餘山在朝陽東，義鄉西，入海，淮浦北。湘水出舜葬東南陬，西環之。入洞庭下。一曰東南西澤。漢水出鮒魚之山，帝顓頊葬于陽，九嬪葬于陰，四蛇衛之。濛水出漢陽西，入江，聶陽西。溫水出崆峒，崆峒山在臨汾南，入河，華陽北。潁水出少室，少室山在雍氏南，入淮西鄢北。一曰緱氏。汝水出天息山，在梁勉鄉西南，入淮極西北。一曰淮在期思北。涇水出長城北山，山在郁郅長垣北，北入渭，戲北。渭水出鳥鼠同穴山，東注河，入華陰北。白水出蜀，而東南注江，入江州城下。沅水山出象郡鐔城西，入東注江，入下雋西，合洞庭中。贛水出聶都東山，東北注江，入彭澤西。泗水出吳東北而南，西南過湖陵西，而東南注東海，入淮陰北。鬱水出象郡，而西南注南海，入須陵東南。肄水出臨晉西南，而東南注海，入番禺西。潢水出桂陽西北山，東南注肄水，入敦浦西。洛水出洛西山，東北注河，入成皋之西。汾水出上窳北，而西南注河，入皮氏南。沁水出井陘山東，東南注河，入懷東南。濟水出共山南東丘，絕鉅鹿澤，注渤海，入齊琅槐東北。潦水出衛皋東，東南注渤海，入潦陽。虖沱水出晉陽城南，而西至陽曲北，而東注渤海，入越章武北。漳水出山陽東，東注渤海，入章武南。,"長城北山,鮒魚之山,三天子都,象郡鐔城,帝顓頊,天息山,天子鄣,井陘山,洛西山,岷三江,鉅鹿澤,江州城,番禺,四蛇,餘山,東丘,洞庭,共山,崆峒,曼山,渭水,湘水,沅水,肄水,浙江,漳水,大江,汾水,淮浦,淮水,潢水,漢水,北江,涇水,廬江,洛水,潦水,濛水,白水,南江,沁水,汝水,泗水,彭澤,東海,渤海,南海,城都,下雋,須陵,陽曲,雍氏,郁郅,章武,長垣,朝陽,長州,敦浦,緱氏,桂陽,湖陵,漢陽,華陽,晉陽,臨汾,琅槐,臨晉,潦陽,聶都,聶陽,皮氏,期思,上窳,山陽,舜,鼠,環,蜀,河,濟,鄢,懷,閩,齊",海內東經
東海之內，北海之隅，有國名曰朝鮮、天毒，其人水居，偎人愛人。,"東海,北海,朝鮮,天毒",海內經
西海之內，流沙之中，有國名曰壑市。,"西海,流沙,壑市",海內經
西海之內，流沙之西，有國名曰沮葉。,"西海,流沙",海內經
流沙之西，有鳥山者，三水出焉。爰有黃金、璿瑰、丹貨、銀鐵，皆流于此中。又有淮山，好水出焉。,"淮山,鳥山,好水,流沙,丹貨,銀,金,鐵",海內經
流沙之東，黑水之西，有朝雲之國、司彘之國。黃帝妻雷祖，生昌意，昌意降處若水，生韓流。韓流擢首、謹耳、人面、豕喙、麟身、渠股、豚止，取淖子曰阿女，生帝顓頊。,"朝雲之國,司彘之國,帝顓頊,昌意,阿女,韓流,雷祖,若水,流沙,淖,麟,豕,豚",海內經
流沙之東，黑水之間，有山名不死之山。,"不死之山,流沙",海內經
華山青水之東，有山名曰肇山，有人名曰柏高，柏高上下於此，至于天。,"肇山,華山,青水",海內經
西南黑水之間，有都廣之野，后稷葬焉。爰有膏菽、膏稻、膏黍、膏稷，百穀自生，冬夏播琴。鸞鳥自歌，鳳鳥自儛，靈壽實華，草木所聚。爰有百獸，相群爰處。此草也，冬夏不死。,"都廣之野,后稷,鸞鳥,靈壽,膏稻,膏稷,膏菽,膏黍,琴,儛,相",海內經
南海之內，黑水、青水之間，有木名曰若木，若水出焉。,"青水,若水,南海",海內經
有禺中之國。有列襄之國。有靈山，有赤蛇在木上，名曰蝡蛇，木食。,"禺中之國,列襄之國,赤蛇,蝡蛇,靈山",海內經
有鹽長之國。有人焉鳥首，名曰鳥氏。,"鹽長之國,鳥氏",海內經
有九丘，以水絡之：名曰陶唐之丘、有叔得之丘、孟盈之丘、昆吾之丘、黑白之丘、赤望之丘、參衛之丘、武夫之丘、神民之丘。有木，青葉紫莖，玄華黃實，名曰建木，百仞無枝，有九欘，下有九枸，其實如麻，其葉如芒，大皞爰過，黃帝所為。,"陶唐之丘,武夫之丘,赤望之丘,參衛之丘,昆吾之丘,孟盈之丘,叔得之丘,神民之丘,建木,帝,枝,麻",海內經
有窫窳，龍首，是食人。有青獸，人面，名曰猩猩。,"猩猩,窫窳,龍",海內經
西南有巴國。大皞生咸鳥，咸鳥生乘釐，乘釐生後照，後照是始為巴人。,"咸鳥,後照,巴人,巴國",海內經
有國名曰流黃辛氏，其域中方三百里，其出是塵土。有巴遂山，澠水出焉。,"巴遂山,澠水,塵",海內經
又有朱卷之國。有黑蛇，青首，食象。,"朱卷之國,象,蛇",海內經
又有黑人，虎首鳥足，兩手持蛇，方啗之。,"虎,蛇",海內經
有人曰苗民。有神焉，人首蛇身，長如轅，左右有首，衣紫衣，冠旃冠，名曰延維，人主得而饗食之，伯天下。,"苗民,延維,旃冠,紫衣,蛇,轅,饗",海內經
有鸞鳥自歌，鳳鳥自儛。鳳鳥首文曰德，翼文曰順，膺文曰仁，背文曰義，見則天下和。,"鸞鳥,儛",海內經
又有青獸如菟，名曰𡹤狗。有翠鳥。有孔鳥。,"翠鳥,孔鳥,狗",海內經
南海之內有衡山。有菌山。有桂山。有山名三天子之都。,"三天子之都,桂山,衡山,菌山,南海",海內經
南方蒼梧之丘，蒼梧之淵，其中有九嶷山，舜之所葬，在長沙零陵界中。,"蒼梧之丘,蒼梧之淵,九嶷山,長沙,零陵,舜",海內經
北海之內，有蛇山者，蛇水出焉，東入于海。有五彩之鳥，飛蔽一鄉，名曰翳鳥。又有不距之山，巧倕葬其西。,"五彩之鳥,不距之山,巧倕,翳鳥,蛇山,蛇水,北海",海內經
北海之內，有反縛盜械、帶戈常倍之佐，名曰相顧之尸。,"相顧之尸,北海,戈,帶",海內經
伯夷父生西岳，西岳生先龍，先龍是始生氐羌，氐羌乞姓。,"伯夷父,先龍,西岳,氐羌",海內經
北海之內，有山，名曰幽都之山，黑水出焉。其上有玄鳥、玄蛇、玄豹、玄虎、玄狐蓬尾。有大玄之山。有玄丘之民。有大幽之國。有赤脛之民。,"玄丘之民,赤脛之民,幽都之山,大玄之山,大幽之國,玄豹,玄虎,玄狐,玄蛇,玄鳥,北海",海內經
有釘靈之國，其民從膝已下有毛，馬蹄善走。,"釘靈之國,馬,毛",海內經
炎帝之孫伯陵，伯陵同吳權之妻阿女緣婦，緣婦孕三年，是生鼓、延、殳。始為侯，鼓、延是始為鍾，為樂風。,"樂風,伯陵,炎帝,阿女,鍾,延,殳",海內經
黃帝生駱明，駱明生白馬，白馬是為鯀。,"白馬,駱明,帝,鯀",海內經
帝俊生禺號，禺號生淫梁，淫梁生番禺，是始為舟。番禺生奚仲，奚仲生吉光，吉光是始以木為車。,"奚仲,禺號,吉光,番禺,帝俊,舟,車",海內經
少皞生般，般是始為弓矢。,"般,弓,矢",海內經
帝俊賜羿彤弓素矰，以扶下國，羿是始去恤下地之百艱。,"帝俊,素矰,彤弓,羿",海內經
帝俊生晏龍，晏龍是為琴瑟。,"晏龍,帝俊,琴,瑟",海內經
帝俊有子八人，是始為歌儛。,"帝俊,儛",海內經
帝俊生三身，三身生義均，義均是始為巧倕，是始作下民百巧。后稷是播百穀。稷之孫曰叔均，是始作牛耕。大比赤陰，是始為國。禹鯀是始布土，均定九州。,"義均,后稷,巧倕,叔均,三身,帝俊,禹,耕,鯀,牛",海內經
炎帝之妻，赤水之子聽訞生炎居，炎居生節並，節並生戲器，戲器生祝融，祝融降處于江水，生共工，共工生術器，術器首方顛，是復土穰，以處江水。共工生后土，后土生噎鳴，噎鳴生歲十有二。,"聽訞,炎居,噎鳴,赤水,祝融,共工,后土,節並,術器,炎帝,江水",海內經
洪水滔天。鯀竊帝之息壤以堙洪水，不待帝命。帝令祝融殺鯀于羽郊。鯀復生禹。帝乃命禹卒布土以定九州。,"祝融,息壤,禹,帝,鯀,羽",海內經
貳負之臣曰危，危與貳負殺窫窳。帝乃梏之䟽屬之山，桎其右足，反縛兩手與髮，繫之山上木。在開題西北。,"䟽屬之山,貳負,窫窳,危,帝",海內西經
大澤方百里，群鳥所生及所解。在鴈門北。,"大澤,鴈",海內西經
后稷之葬，山水環之，在氐國西。,"后稷,環",海內西經
流沙出鍾山，西行又南行崑崙之墟，西南入海黑水之山。,"鍾山,崑崙,流沙",海內西經
東胡在大澤東。,"大澤,東胡",海內西經
夷人在東胡東。,"夷人,東胡",海內西經
貊國在漢水東北。地近于燕，滅之。,"漢水,貊國,燕",海內西經
海內崑崙之墟，在西北，帝之下都。崑崙之墟，方八百里，高萬仞。上有木禾，長五尋，大五圍。面有九井，以玉為檻。面有九門，門有開明獸守之，百神之所在。在八隅之巖，赤水之際，非仁羿莫能上岡之巖。,"帝之下都,開明獸,赤水,百神,崑崙,九門,九井,木禾,羿,檻,玉",海內西經
赤水出東南隅，以行其東北。西南流注南海厭火東。,"赤水,南海,厭",海內西經
河水出東北隅，以行其北，西南又入渤海，又出海外，即西而北，入禹所導積石山。,"石山,渤海,禹,河",海內西經
洋水、黑水出西北隅，以東，東行，又東北，南入海，羽民南。,"洋水,羽",海內西經
弱水、青水出西南隅，以東，又北，又西南，過畢方鳥東。,"畢方,青水,弱水",海內西經
崑崙南淵深三百仞。開明獸身大類虎而九首，皆人面，東嚮立崑崙上。,"崑崙南淵,開明獸,虎,類",海內西經
開明西有鳳凰、鸞鳥，皆戴蛇踐蛇，膺有赤蛇。,"赤蛇,鸞鳥",海內西經
開明北有視肉、珠樹、文玉樹、玗琪樹、不死樹。鳳凰、鸞鳥皆載瞂。又有離朱、木禾、柏樹、甘水、聖木、曼兌，一曰挺木牙交。,"文玉樹,玗琪樹,不死樹,視肉,鸞鳥,離朱,甘水,珠樹,聖木,木禾,瞂",海內西經
開明東有巫彭、巫抵、巫陽、巫履、巫凡、巫相，夾窫窳之尸，皆操不死之藥以距之。窫窳者，蛇身人面，貳負臣所殺也。,"不死之藥,巫抵,巫凡,巫履,巫彭,巫相,巫陽,貳負,窫窳,蛇",海內西經
服常樹，其上有三頭人，伺琅玕樹。,"三頭人,服常樹,琅玕樹",海內西經
開明南有樹鳥，六首；蛟、蝮、蛇、蜼、豹、鳥秩樹，於表池樹木，誦鳥、鶽、視肉。,"視肉,樹鳥,誦鳥,蜼,豹,蛟,蛇,鶽",海內西經
鍾山之神，名曰燭陰，視為晝，暝為夜，吹為冬，呼為夏，不飲，不食，不息，息為風，身長千里。在無𦜹之東。其為物，人面蛇身，赤色，居鍾山下。,"鍾山,蛇,視,風,燭",海外北經
柔利國在一目東，為人一手一足，反膝，曲足居上。一云留利之國，人足反折。,"留利之國,柔利國,折",海外北經
共工之臣曰相柳氏，九首，以食于九山。相柳之所抵，厥為澤谿。禹殺相柳，其血腥，不可以樹五穀種。禹厥之，三仞三沮，乃以為眾帝之臺。在崑崙之北，柔利之東。相柳者，九首人面，蛇身而青。不敢北射，畏共工之臺。臺在其東，臺四方，隅有一蛇，虎色，首衝南方。,"共工之臺,崑崙,禹,帝,虎,蛇,相,厥",海外北經
深目國在其東，為人舉一手一目，在共工臺東。,"共工臺,深目國,舉",海外北經
聶耳之國在無腸國東，使兩文虎，為人兩手聶其耳。縣居海水中，及水所出入奇物。兩虎在其東。,"聶耳之國,文虎,縣",海外北經
夸父與日逐走，入日。渴，欲得飲，飲於河渭；河渭不足，北飲大澤。未至，道渴而死。棄其杖，化為鄧林。,"夸父,鄧林,大澤,逐,杖,渭,河",海外北經
博父國在聶耳東，其為人大，右手操青蛇，左手操黃蛇。鄧林在其東，二樹木。一曰博父。,"博父,青蛇,鄧林",海外北經
禹所積石之山在其東，河水所入。,"禹所積石之山,河",海外北經
拘纓之國在其東，一手把纓。一曰利纓之國。,"拘纓之國,利纓之國",海外北經
尋木長千里，在拘纓南，生河上西北。,"尋木,纓,河",海外北經
跂踵國在拘纓東，其為人大，兩足亦大，一曰大踵。,"跂踵國,大踵,纓",海外北經
歐絲之野在大踵東，一女子跪據樹歐絲。,"歐絲之野,大踵,據樹",海外北經
桑無枝，在歐絲東，其木長百仞，無枝。,"絲,桑,枝",海外北經
范林方三百里，在三桑東，洲環其下。,"范林,三桑,環",海外北經
務隅之山，帝顓頊葬于陽，九嬪葬于陰。一曰爰有熊、羆、文虎、離朱、𩿨久、視肉。,"務隅之山,帝顓頊,視肉,文虎,離朱,熊,羆",海外北經
平丘在三桑東，爰有遺玉、青鳥、視肉、楊柳、甘柤、甘華，百果所生，在兩山夾上谷，二大丘居中，名曰平丘。,"視肉,青鳥,平丘,甘華,甘柤,三桑,遺玉,楊",海外北經
北海內有獸，其狀如馬，名曰騊駼。有獸焉，其名曰駮，狀如白馬，鋸牙，食虎豹。有素獸焉，狀如馬，名曰蛩蛩。有青獸焉，狀如虎，名曰羅羅。,"白馬,騊駼,羅羅,蛩蛩,北海,豹,駮,虎",海外北經
北方禺彊，人面鳥身，珥兩青蛇，踐兩青蛇。,"禺彊,青蛇",海外北經
南山在其東南。自此山來，蟲為蛇，蛇號為魚。一曰南山在結匈東南。,"南山,蛇,蟲",海外南經
比翼鳥在其東，其為鳥青、赤，兩鳥比翼。一曰在南山東。,"比翼鳥,南山",海外南經
羽民國在其東南，其為人長頭，身生羽。一曰在比翼鳥東南，其為人長頰。,"比翼鳥,羽民國",海外南經
有神人二八，連臂，為帝司夜於此野。在羽民東。其為人小頰赤肩。盡十六人。,"神人二八,帝,羽",海外南經
畢方鳥在其東，青水西，其為鳥人面一腳。一曰在二八神東。,"二八神,畢方,青水",海外南經
讙頭國在其南，其為人人面有翼，鳥喙，方捕魚。一曰在畢方東。或曰讙朱國。,"讙頭國,讙朱國,畢方",海外南經
厭火國在其國南，獸身黑色，生火出其口中。一曰在讙朱東。,"厭火國,讙朱",海外南經
株樹在厭火北，生赤水上，其為樹如柏，葉皆為珠。一曰其為樹若彗。,"赤水,珠,若,厭",海外南經
苗國在赤水東，其為人相隨。一曰三毛國。,"三毛國,赤水,相",海外南經
臷國在其東，其為人黃，能操弓射蛇。一曰臷國在三毛東。,"臷國,蛇,弓,毛",海外南經
貫匈國在其東，其為人匈有竅。一曰在臷國東。,"貫匈國,臷國",海外南經
交脛國在其東，其為人交脛。一曰在穿匈東。,"交脛國,穿匈",海外南經
不死民在其東，其為人黑色，壽，不死。一曰在穿匈國東。,"不死民,穿匈",海外南經
羿與鑿齒戰於壽華之野，羿射殺之。在崑崙墟東。羿持弓矢，鑿齒持盾。一曰戈。,"壽華之野,鑿齒,崑崙,羿,盾,戈,弓,矢",海外南經
周饒國在其東，其為人短小，冠帶。一曰焦僥國在三首東。,"周饒國,焦僥國,帶,冠",海外南經
長臂國在其東，捕魚水中，兩手各操一魚。一曰在焦僥東，捕魚海中。,"長臂國,魚水",海外南經
狄山，帝堯葬于陽，帝嚳葬于陰。爰有熊、羆、文虎、蜼、豹、離朱、視肉。吁咽、文王皆葬其所。一曰湯山。一曰爰有熊、羆、文虎、蜼、豹、離朱、𩿨久、視肉、虖交。其范林方三百里。,"文王,帝嚳,帝堯,虖交,視肉,文虎,吁咽,離朱,湯山,狄山,范林,蜼,熊,豹,羆",海外南經
南方祝融，獸身人面，乘兩龍。,"祝融,龍",海外南經
𨲠丘，爰有遺玉、青馬、視肉、楊柳、甘柤、甘華，甘果所生。在東海，兩山夾丘，上有樹木。一曰嗟丘，一曰百果所在，在堯葬東。,"視肉,青馬,𨲠丘,嗟丘,東海,甘果,甘華,甘柤,遺玉,堯,楊",海外東經
大人國在其北，為人大，坐而削舡。一曰在𨲠丘北。,"大人國,𨲠丘,舡",海外東經
奢比之尸在其北，獸身、人面、大耳，珥兩青蛇。一曰肝榆之尸在大人北。,"肝榆之尸,奢比之尸,青蛇,大人",海外東經
君子國在其北，衣冠帶劍，食獸，使二大虎在旁，其人好讓不爭。有薰華草，朝生夕死。一曰在肝榆之尸北。,"肝榆之尸,君子國,華草,虎,帶,冠",海外東經
𧈫𧈫在其北，各有兩首。一曰在君子國北。,"君子國,𧈫𧈫",海外東經
朝陽之谷，神曰天吳，是為水伯、在𧈫𧈫北兩水間。其為獸也，八首人面，八足八尾，皆青黃。,"朝陽之谷,𧈫𧈫",海外東經
青丘國在其北，其狐四足九尾。一曰在朝陽北。,"青丘國,朝陽,狐",海外東經
帝命豎亥步，自東極至于西極，五億十選九千八百步。豎亥右手把算，左手指青丘北。一曰禹令豎亥。一曰五億十萬九千八百步。,"西極,東極,禹,帝",海外東經
黑齒國在其北，為人黑，食稻啖蛇，一赤一青在其旁。一曰在豎亥北，為人黑手，食稻使蛇，其一蛇赤。,"蛇,稻",海外東經
下有湯谷。湯谷上有扶桑，十日所浴，在黑齒北。居水中，有大木，九日居下枝，一日居上枝。,"湯谷,扶桑,枝",海外東經
雨師妾在其北，其為人黑，兩手各操一蛇，左耳有青蛇，右耳有赤蛇。一曰在十日北，為人黑身人面，各操一龜。,"雨師妾,赤蛇,青蛇,龜",海外東經
玄股之國在其北，其為人衣魚食䳼，使兩鳥夾之。一曰在雨師妾北。,"玄股之國,雨師妾,䳼",海外東經
勞民國在其北，其為人黑。或曰教民。一曰在毛民北，為人面目手足盡黑。,"勞民國,教民,毛民",海外東經
東方勾芒，鳥身人面，乘兩龍。,"勾芒,龍",海外東經
滅蒙鳥在結匈國北，為鳥青，赤尾。,"滅蒙鳥,結匈國",海外西經
大運山高三百仞，在滅蒙鳥北。,"滅蒙鳥,大運山",海外西經
大樂之野，夏后啟於此儛九代；乘兩龍，雲蓋三層。左手操翳，右手操環，佩玉璜。在大運山北。一曰大遺之野。,"大樂之野,大遺之野,大運山,九代,玉璜,儛,龍,翳,環",海外西經
臂國在其北，一臂一目一鼻孔。有黃馬虎文，一目而一手。,"虎,馬",海外西經
形天與帝至此爭神，帝斷其首，葬之常羊之山，乃以乳為目，以臍為口，操干戚以舞。,"常羊之山,形天,干戚,帝",海外西經
女祭、女戚在其北，居兩水間，戚操魚䱉，祭操俎。,"女祭,女戚,魚䱉",海外西經
䳐鳥、𪆻鳥，其色青黃，所經國亡。在女祭北。䳐鳥人面，居山上。一曰維鳥、青鳥、黃鳥所集。,"女祭,維鳥,䳐鳥,𪆻鳥,青鳥",海外西經
丈夫國在維鳥北，其為人衣冠帶劍。,"丈夫國,維鳥,帶,冠",海外西經
巫咸國在女丑北，右手操青蛇，左手操赤蛇，在登葆山，群巫所從上下也。,"登葆山,巫咸國,女丑,赤蛇,青蛇",海外西經
并封在巫咸東，其狀如彘，前後皆有首，黑。,"巫咸,并封,彘",海外西經
女子國在巫咸北，兩女子居，水周之。一曰居一門中。,"女子國,巫咸",海外西經
軒轅之國在此窮山之際，其不壽者八百歲。在女子國北，人面蛇身，尾交首上。,"軒轅之國,女子國,窮山,蛇",海外西經
窮山在其北，不敢西射，畏軒轅之丘。在軒轅國北，其丘方，四蛇相繞。,"軒轅之丘,四蛇,窮山,相",海外西經
此諸夭之野，鸞鳥自歌，鳳鳥自舞；鳳皇卵，民食之；甘露，民飲之，所欲自從也。百獸相與群居。在四蛇北，其人兩手操卵食之，兩鳥居前導之。,"諸夭之野,四蛇,鳳皇,鸞鳥,甘露,相",海外西經
龍魚陵居在其北，狀如狸。一曰鰕。即有神聖乘此以行九野。一曰鱉魚在夭野北，其為魚也如鯉。,"龍魚,夭野,九野,狸,鰕",海外西經
白民之國在龍魚北，白身被髮。有乘黃，其狀如狐，其背上有角，乘之壽二千歲。,"白民之國,龍魚,狐",海外西經
肅慎之國在白民北，有樹名曰雄常，先入代帝，於此取之。,"肅慎之國,白民,雄常,帝,代",海外西經
長股之國在雄常北，被髮。一曰長腳。,"長股之國,雄常",海外西經
西方蓐收，左耳有蛇，乘兩龍。,"龍,蛇",海外西經
《西山經》華山之首，曰錢來之山，其上多松，其下多洗石。有獸焉，其狀如羊而馬尾，名曰羬羊，其脂可以已腊。,"錢來之山,羬羊,西山,華山,洗石,馬,松,腊",西山經
西四十五里，曰松果之山，濩水出焉，北流注于渭，其中多銅。有鳥焉，其名曰䳋渠，其狀如山雞，黑身赤足，可以已𦢊。,"松果之山,䳋渠,濩水,渭,𦢊,銅",西山經
又西六十里，曰太華之山，削成而四方，其高五千仞，其廣十里，鳥獸莫居。有蛇焉，名曰肥𧔥，六足四翼，見則天下大旱。,"太華之山,肥𧔥,蛇",西山經
又西八十里，曰小華之山，其木多荊杞，其獸多㸲牛，其陰多磬石，其陽多㻬琈之玉，鳥多赤鷩，可以禦火，其草有萆荔，狀如烏韭，而生於石上，亦緣木而生，食之已心痛。,"小華之山,㻬琈之玉,㸲牛,赤鷩,烏韭,萆荔,心痛,磬石,杞",西山經
又西八十里，曰符禺之山，其陽多銅，其陰多鐵。其上有木焉，名曰文莖，其實如棗，可以已聾。其草多條，其狀如葵，而赤花黃實，如嬰兒舌，食之使人不惑。符禺之水出焉，而北流注于渭。其獸多葱聾，其狀如羊而赤鬣。其鳥多鴖，其狀如翠而赤喙，可以禦火。,"符禺之山,符禺之水,葱聾,文莖,羊,鴖,翠,渭,棗,葵,條,惑,嬰,銅,鐵",西山經
又西六十里，曰石脆之山，其木多椶柟，其草多條，其狀如韭，而白華黑實，食之已疥。其陽多㻬琈之玉，其陰多銅。灌水出焉，而北流注于禺水。其中有流赭，以塗牛馬無病。,"石脆之山,㻬琈之玉,禺水,灌水,流赭,馬,牛,柟,韭,條,疥,銅",西山經
又西七十里，曰英山，其上多杻橿，其陰多鐵，其陽多赤金。禺水出焉，北流注于招水，其中多䰷魚，其狀如鱉，其音如羊。其陽多箭䉋，其獸多㸲牛、羬羊。有鳥焉，其狀如鶉，黃身而赤喙，其名曰肥遺，食之已癘，可以殺蟲。,"㸲牛,羬羊,䰷魚,肥遺,英山,禺水,招水,赤金,蟲,鶉,橿,杻,箭,䉋,癘,鐵",西山經
又西五十二里，曰竹山，其上多喬木，其陰多鐵。有草焉，其名曰黃雚，其狀如樗，其葉如麻，白花而赤實，其狀如赭，浴之已疥，又可以已胕。竹水出焉，北流注于渭，其陽多竹箭，多蒼玉。丹水出焉，東南流注于洛水，其中多水玉，多人魚。有獸焉，其狀如豚而白毛，大如笄而黑端，名曰毫彘。,"毫彘,人魚,竹山,竹水,丹水,洛水,喬木,竹箭,蒼玉,水玉,豚,渭,樗,麻,胕,疥,毛,赭,鐵",西山經
又西百二十里，曰浮山，多盼木，枳葉而無傷，木蟲居之。有草焉，名曰薰草，麻葉而方莖，赤華而黑實，臭如蘼蕪，佩之可以已癘。,"木蟲,浮山,盼木,蘼蕪,枳,麻,癘",西山經
又西七十里，曰羭次之山，漆水出焉，北流注于渭。其上多棫橿，其下多竹箭，其陰多赤銅，其陽多嬰垣之玉。有獸焉，其狀如禺而長臂，善投，其名曰囂。有鳥焉，其狀如梟，人面而一足，曰橐𩇯，冬見夏蟄，服之不畏雷。,"羭次之山,嬰垣之玉,橐𩇯,漆水,竹箭,赤銅,囂,禺,梟,服,渭,棫,橿,投",西山經
又西百五十里，曰時山，無草木。逐水出焉，北流注于渭，其中多水玉。,"時山,逐水,水玉,渭",西山經
又西百七十里，曰南山，上多丹粟。丹水出焉，北流注于渭。獸多猛豹，鳥多尸鳩。,"猛豹,尸鳩,南山,丹水,丹粟,渭",西山經
又西百八十里，曰大時之山，上多穀柞，下多杻橿，陰多銀，陽多白玉。涔水出焉，北流注于渭，清水出焉，南流注于漢水。,"大時之山,涔水,漢水,清水,白玉,渭,柞,橿,杻,銀",西山經
又西三百二十里，曰嶓冡之山，漢水出焉，而東南流注于沔；囂水出焉，北流注于湯水。其上多桃枝鉤端，獸多犀兕熊羆，鳥多白翰赤鷩。有草焉，其葉如蕙，其本如桔梗，黑華而不實，名曰蓇蓉，食之使人無子。,"赤鷩,白翰,湯水,囂水,漢水,桃枝,蓇蓉,桔梗,熊,犀,羆,兕,沔,蕙",西山經
又西三百五十里，曰天帝之山，上多椶柟，下多菅蕙。有獸焉，其狀如狗，名曰谿邊，席其皮者不蠱。有鳥焉，其狀如鶉，黑文而赤翁，名曰櫟，食之已痔。有草焉，其狀如葵，其臭如蘼蕪，名曰杜衡，可以走馬，食之已癭。,"天帝之山,谿邊,杜衡,蘼蕪,狗,馬,櫟,鶉,柟,蕙,菅,葵,癭,痔,蠱,席",西山經
西南三百八十里，曰皋塗之山，薔水出焉，西流注于諸資之水，塗水出焉，南流注于集獲之水。其陽多丹粟，其陰多銀、黃金，其上多桂木。有白石焉，其名曰礜，可以毒鼠。有草焉，其狀如槀茇，其葉如葵而赤背，名曰無條，可以毒鼠。有獸焉，其狀如鹿而白尾，馬足人手而四角，名曰𤣎如。有鳥焉，其狀如鴟而人足，名曰數斯，食之已癭。,"諸資之水,集獲之水,𤣎如,數斯,塗水,薔水,無條,槀茇,丹粟,鹿,馬,鼠,鴟,桂,葵,癭,銀,礜,金,石",西山經
又西百八十里，曰黃山，無草木，多竹箭。盼水出焉，西流注于赤水，其中多玉。有獸焉，其狀如牛，而蒼黑大目，其名曰𤛎。有鳥焉，其狀如鴞，青羽赤喙，人舌能言，名曰鸚䳇。,"赤水,鸚䳇,盼水,竹箭,𤛎,牛,鴞,羽,玉",西山經
又西二百里，曰翠山，其上多椶枏，其下多竹箭，其陽多黃金、玉，其陰多旄牛，麢、麝；其鳥多鸓，其狀如鵲，赤黑而西首四足，可以禦火。,"旄牛,翠山,竹箭,麢,麝,鸓,鵲,枏,玉,金",西山經
又西二百五十里，曰騩山，是錞于西海，無草木，多玉。淒水出焉，西流注于海，其中多采石、黃金，多丹粟。,"騩山,淒水,西海,丹粟,玉,金,石",西山經
凡《西經》之首，自錢來之山至于騩山，凡十九山，二千九百五十七里。華山冢也，其祠之禮：太牢。羭山神也，祠之用燭，齋百日以百犧，瘞用百瑜，湯其酒百樽，嬰以百珪百璧。其餘十七山之屬，皆毛牷用一羊祠之。燭者百草之未灰，白蒂采等純之。,"錢來之山,羭山神,華山冢,騩山,毛牷,太牢,羊,瘞,嬰,燭,齋,樽,瑜,璧,珪,酒",西山經
《西次二經》之首，曰鈐山，其上多銅，其下多玉，其木多杻橿。,"西次二經,鈐山,橿,杻,玉,銅",西山經
西二百里，曰泰冒之山，其陽多金，其陰多鐵。浴水出焉，東流注于河，其中多藻玉，多白蛇。,"泰冒之山,白蛇,浴水,藻玉,河,金,鐵",西山經
又西一百七十里，曰數歷之山，其上多黃金，其下多銀，其木多杻橿，其鳥多鸚䳇。楚水出焉，而南流注于渭，其中多珠。,"鸚䳇,楚水,珠,渭,橿,杻,銀,金",西山經
又西百五十里曰高山，其上多銀，其下多青碧、雄黃，其木多椶，其草多竹。涇水出焉，而東流注于渭，其中多磬石、青碧。,"涇水,青碧,磬石,渭,竹,銀",西山經
西南三百里，曰女床之山，其陽多赤銅，其陰多石涅，其獸多虎豹犀兕。有鳥焉，其狀如翟而五彩文，名曰鸞鳥，見則天下安寧。,"鸞鳥,赤銅,石涅,犀,豹,虎,兕,翟",西山經
又西二百里，曰龍首之山，其陽多黃金，其陰多鐵。苕水出焉，東南流注于涇水，其中多美玉。,"龍首之山,苕水,涇水,美玉,金,鐵",西山經
又西二百里，曰鹿臺之山，其上多白玉，其下多銀，其獸多㸲牛、羬羊、白豪。有鳥焉，其狀如雄雞而人面，名曰鳧徯，其名自叫也，見則有兵。,"鹿臺之山,白豪,㸲牛,羬羊,雄雞,白玉,鳧,銀",西山經
西南二百里，曰鳥危之山，其陽多磬石，其陰多檀楮，其中多女床。鳥危之水出焉，西流注于赤水，其中多丹粟。,"鳥危之山,鳥危之水,赤水,丹粟,磬石,檀,楮",西山經
又西四百里，曰小次之山，其上多白玉，其下多赤銅。有獸焉，其狀如猿，而白首赤足，名曰朱厭，見則大兵。,"小次之山,朱厭,赤銅,白玉,猿",西山經
又西三百里，曰大次之山，其陽多堊，其陰多碧，其獸多㸲牛、麢羊。,"大次之山,㸲牛,羊,麢,碧,堊",西山經
又西四百里，曰薰吳之山，無草木，多金玉。,"玉,金",西山經
又西四百里，曰㕄陽之山，其木多稷、柟、豫章，其獸多犀、兕、虎、犳、㸲牛。,"㸲牛,豫章,稷,犀,犳,虎,兕,柟",西山經
又西二百五十里，曰眾獸之山，其上多㻬琈之玉，其下多檀楮，多黃金，其獸多犀、兕。,"㻬琈之玉,犀,兕,檀,楮,金",西山經
又西五百里，曰皇人之山，其上多金玉，其下多青雄黃。皇水出焉，西流注于赤水，其中多丹粟。,"皇人之山,赤水,皇水,丹粟,玉,金",西山經
又西三百里，曰中皇之山，其上多黃金，其下多蕙、棠。,"中皇之山,棠,蕙,金",西山經
又西三百五十里，曰西皇之山，其陽多金，其陰多鐵，其獸多麋鹿、㸲牛。,"西皇之山,㸲牛,鹿,麋,金,鐵",西山經
又西三百五十里，曰萊山，其木多檀楮，其鳥多羅羅，是食人。,"羅羅,萊山,檀,楮",西山經
凡《西次二經》之首，自鈐山至于萊山，凡十七山，四千一百四十里。其十神者，皆人面而馬身。其七神皆人面牛身，四足而一臂，操杖以行，是為飛獸之神；其祠之，毛用少牢，白菅為席。其十輩神者，其祠之，毛一雄鷄，鈐而不糈；毛采。,"飛獸之神,西次二經,萊山,鈐山,白菅,少牢,雄鷄,馬,牛,杖,毛,席,糈",西山經
《西次三經》之首，曰崇吾之山，在河之南，北望冡遂，南望䍃之澤，西望帝之搏、獸之丘，東望䗡淵。有木焉，員葉而白柎，赤華而黑理，其實如枳，食之宜子孫。有獸焉，其狀如禺而文臂，豹虎而善投，名曰舉父。有鳥焉，其狀如鳧，而一翼一目，相得乃飛，名曰蠻蠻，見則天下大水。,"崇吾之山,西次三經,䍃之澤,舉父,蠻蠻,鳧,帝,禺,豹,虎,河,相,枳,投",西山經
西北三百里，曰長沙之山，泚水出焉，北流注于泑水，無草木，多青雄黃。,"長沙之山,泑水,泚水",西山經
又西北三百七十里，曰不周之山。北望諸毗之山，臨彼嶽崇之山，東望泑澤，河水所潛也，其源渾渾泡泡。爰有嘉果，其實如桃，其葉如棗，黃華而赤柎，食之不勞。,"嶽崇之山,不周之山,諸毗,泑澤,嘉果,河,棗,桃,勞",西山經
又西北四百二十里，曰峚山，其上多丹木，員葉而赤莖，黃華而赤實，其味如飴，食之不飢。丹水出焉，西流注于稷澤，其中多白玉，是有玉膏，其源沸沸湯湯，黃帝是食是饗。是生玄玉。玉膏所出，以灌丹木。丹木五歲，五色乃清，五味乃馨。黃帝乃取峚山之玉榮，而投之鍾山之陽。瑾瑜之玉為良，堅粟精密，濁澤有而光。五色發作，以和柔剛。天地鬼神，是食是饗；君子服之，以禦不祥。自峚山至于鍾山，四百六十里，其間盡澤也。是多奇鳥、怪獸、奇魚，皆異物焉。,"瑾瑜之玉,怪獸,鍾山,峚山,丹水,稷澤,盡澤,丹木,玄玉,玉膏,玉榮,白玉,帝,服,粟,饗,投,飴",西山經
又西北四百二十里，曰鍾山，其子曰鼓，其狀如人面而龍身，是與欽䲹殺葆江于崑崙之陽，帝乃戮之鍾山之東曰𡺯崖，欽䲹化為大鶚，其狀如鵰而黑文白首，赤喙而虎爪，其音如晨鵠，見則有大兵；鼓亦化為鵔鳥，其狀如鴟，赤足而直喙，黃文而白首，其音如鵠，見即其邑大旱。,"葆江,欽䲹,晨鵠,大鶚,𡺯崖,鍾山,崑崙,帝,虎,龍,鵰,鴟",西山經
又西百八十里，曰泰器之山。觀水出焉，西流注于流沙。是多文鰩魚，狀如鯉魚，魚身而鳥翼，蒼文而白首，赤喙，常行西海，遊於東海，以夜飛。其音如鸞雞，其味酸甘，食之已狂，見則天下大穰。,"泰器之山,文鰩魚,鯉魚,鸞雞,觀水,西海,東海,流沙,狂",西山經
又西三百二十里，曰槐江之山。丘時之水出焉，而北流注于泑水。其中多蠃母，其上多青雄黃，多藏琅玕、黃金、玉，其陽多丹粟，其陰多采黃金、銀。實惟帝之平圃，神英招司之，其狀馬身而人面，虎文而鳥翼，徇于四海，其音如榴。南望崑崙，其光熊熊，其氣魂魂。西望大澤，后稷所潛也；其中多玉，其陰多榣木之有若。北望諸毗，槐鬼離侖居之，鷹鸇之所宅也。東望恒山四成，有窮鬼居之，各在一搏。爰有淫水，其清洛洛。有天神焉，其狀如牛，而八足二首馬尾，其音如勃皇，見則其邑有兵。,"槐鬼離侖,槐江之山,帝之平圃,丘時之水,有窮鬼,后稷,英招,勃皇,蠃母,諸毗,恒山,崑崙,泑水,大澤,榣木,丹粟,琅玕,熊,虎,馬,牛,鷹,鸇,若,玉,銀,金",西山經
西南四百里，曰崑崙之丘，是實惟帝之下都，神陸吾司之。其神狀虎身而九尾，人面而虎爪；是神也，司天之九部及帝之囿時。有獸焉，其狀如羊而四角，名曰土螻，是食人。有鳥焉，其狀如蜂，大如鴛鴦，名曰欽原，蠚鳥獸則死，蠚木則枯。有鳥焉，其名曰鶉鳥，是司帝之百服。有木焉，其狀如棠，華黃赤實，其味如李而無核，名曰沙棠，可以禦水，食之使人不溺。有草焉，名曰薲草，其狀如葵，其味如葱，食之已勞。河水出焉，而南流東注于無達。赤水出焉，而東南流注于氾天之水。洋水出焉，而西南流注于醜塗之水。黑水出焉，而西流于大杅。是多怪鳥獸。,"醜塗之水,帝之下都,帝之囿,赤水,陸吾,土螻,鴛鴦,怪鳥,欽原,大杅,崑崙,洋水,沙棠,薲草,羊,虎,蜂,鶉,服,河,李,葱,葵,勞",西山經
又西三百七十里，曰樂游之山。桃水出焉，西流注于稷澤，是多白玉。其中多滑魚，其狀如蛇而四足，是食魚。,"樂游之山,滑魚,桃水,稷澤,白玉,蛇",西山經
西水行四百里，曰流沙，二百里至于蠃母之山。神長乘司之，是天之九德也。其神狀如人而犳尾。其上多玉，其下多青石而無水。,"長乘,蠃母,流沙,青石,犳,玉",西山經
又西三百五十里，曰玉山，是西王母所居也。西王母其狀如人，豹尾虎齒而善嘯，蓬髮戴勝，是司天之厲及五殘。有獸焉，其狀如犬而豹文，其角如牛，其名曰狡，其音如吠犬，見則其國大穰。有鳥焉，其狀如翟而赤，名曰胜遇，是食魚，其音如錄，見則其國大水。,"西王母,胜遇,玉山,豹,虎,狡,牛,犬,翟,勝",西山經
又西四百八十里，曰軒轅之丘，無草木。洵水出焉，南流注于黑水，其中多丹粟，多青雄黃。,"軒轅之丘,洵水,丹粟",西山經
又西三百里，曰積石之山，其下有石門，河水冒以西流。是山也，萬物無不有焉。,"積石之山,石門,河",西山經
又西二百里，曰長留之山，其神白帝少昊居之。其獸皆文尾，其鳥皆文首。是多文玉石。實惟員神磈氏之宮。是神也，主司反景。,"白帝少昊,長留之山,文玉石",西山經
又西二百八十里，曰章莪之山，無草木，多瑤碧。所為甚怪。有獸焉，其狀如赤豹，五尾一角，其音如擊石，其名如猙。有鳥焉，其狀如鶴，一足，赤文青質而白喙，名曰畢方，其鳴自叫也，見則其邑有譌火。,"章莪之山,赤豹,畢方,鶴,碧,石",西山經
又西三百里，曰陰山，濁浴之水出焉，而南流注于蕃澤，其中多文貝。有獸焉，其狀如狸而白首，名曰天狗，其音如榴榴，可以禦凶。,"濁浴之水,榴榴,天狗,文貝,蕃澤,狸",西山經
又西二百里，曰符愓之山，其上多椶柟，下多金玉，神江疑居之。是山也，多怪雨，風雲之所出也。,"江疑,柟,風,玉,金",西山經
又西二百二十里，曰三危之山，三青鳥居之。是山也，廣員百里。其上有獸焉，其狀如牛，白身四角，其毫如披蓑，其名曰𢕟𢓨，是食人。有鳥焉，一首而三身，其狀如𪇱，其名曰鴟。,"三危之山,三青鳥,三身,牛,𪇱,鴟",西山經
又西一百九十里，曰騩山，其上多玉而無石。神耆童居之，其音常如鍾磬。其下多積蛇。,"耆童,騩山,鍾,磬,蛇,玉,石",西山經
又西三百五十里，曰天山，多金玉，有青雄黃。英水出焉，而西南流注于湯谷。有神焉，其狀如黃囊，赤如丹火，六足四翼，渾敦無面目，是識歌舞，實惟帝江也。,"帝江,天山,英水,湯谷,玉,丹,金",西山經
又西二百九十里，曰泑山，神蓐收居之。其上多嬰短之玉，其陽多瑾瑜之玉，其陰多青雄黃。是山也，西望日之所入，其氣員，神紅光之所司也。,"嬰短之玉,瑾瑜之玉,紅光,泑山",西山經
西水行百里，至于翼望之山，無草木，多金玉。有獸焉，其狀如狸，一目而三尾，名曰讙，其音如𡙸百聲，是可以禦凶，服之已癉。有鳥焉，其狀如烏，三首六尾而善笑，名曰鵸鵌，服之使人不厭，又可以禦凶。,"翼望之山,讙,狸,烏,服,厭,癉,玉,金",西山經
凡《西次三經》之首，崇吾之山至于翼望之山，凡二十三山，六千七百四十四里。其神狀皆羊身人面。其祠之禮，用一吉玉瘞，糈用稷米。,"翼望之山,崇吾之山,西次三經,吉玉,稷米,羊,瘞,糈",西山經
《西次四經》之首曰陰山，上多穀，無石，其草多茆蕃。陰水出焉，西流注于洛。,"西次四經,蕃,茆,石",西山經
北五十里，曰勞山，多茈草。弱水出焉，而西流注于洛。,"勞山,弱水,茈草",西山經
西五十里，曰罷父之山。洱水出焉，而西流注于洛，其中多茈、碧。,"罷父之山,洱水,茈,碧",西山經
北百七十里，曰申山，其上多穀柞，其下多杻橿，其陽多金玉。區水出焉，而東流注于河。,"申山,區水,河,柞,橿,杻,玉,金",西山經
北二百里，曰鳥山，其上多桑，其下多楮，其陰多鐵，其陽多玉。辱水出焉，而東流注于河。,"鳥山,辱水,河,桑,楮,玉,鐵",西山經
又北百二十里，曰上申之山，上無草木，而多硌石，下多榛楛，獸多白鹿。其鳥多當扈，其狀如雉，以其髯飛，食之不眴目。湯水出焉，東流注于河。,"上申之山,白鹿,當扈,湯水,眴目,硌石,雉,河,榛,楛",西山經
又北百八十里，曰諸次之山，諸次之水出焉，而東流注于河。是山也，多木無草，鳥獸莫居，是多眾蛇。,"諸次之山,諸次之水,蛇,河",西山經
又北百八十里，曰號山，其木多漆、椶，其草多葯、虈、芎窮。多汵石。端水出焉，而東流注于河。,"號山,端水,芎窮,汵石,河,漆,葯",西山經
又北二百二十里，曰盂山，其陰多鐵，其陽多銅，其獸多白狼白虎，其鳥多白雉白翟。生水出焉，而東流注于河。,"白虎,白狼,白翟,白雉,盂山,生水,河,銅,鐵",西山經
西二百五十里，曰白於之山，上多松柏，下多櫟檀，其獸多㸲牛、羬羊，其鳥多鴞。洛水出于其陽，而東流注于渭；夾水出于其陰，東流注于生水。,"白於之山,㸲牛,羬羊,夾水,洛水,生水,鴞,櫟,渭,松,檀",西山經
西北三百里，曰申首之山，無草木，冬夏有雪。申水出于其上，潛于其下，是多白玉。,"申首之山,申水,白玉",西山經
又西五十五里，曰涇谷之山，涇水出焉，東南流注于渭，是多白金白玉。,"涇谷之山,涇水,白金,白玉,渭",西山經
又西百二十里，曰剛山，多柴木，多㻬琈之玉。剛水出焉，北流注于渭，是多神𩳁，其狀人面獸身，一足一手，其音如欽。,"㻬琈之玉,神𩳁,剛山,剛水,欽,渭",西山經
又西二百里，至剛山之尾，洛水出焉，而北流注于河。其中多蠻蠻，其狀鼠身而鱉首，其音如吠犬。,"剛山之尾,蠻蠻,洛水,犬,鼠,河",西山經
又西三百五十里，曰英鞮之山，上多漆木，下多金玉，鳥獸盡白，涴水出焉，而北注于陵羊之澤。是多冉遺之魚，魚身蛇首、六足，其目如馬耳，食之使人不眯，可以禦凶。,"冉遺之魚,英鞮之山,陵羊之澤,涴水,馬,蛇,漆,眯,玉,金",西山經
又西三百里，曰中曲之山，其陽多玉，其陰多雄黃、白玉及金。有獸焉，其狀如馬而白身黑尾，一角，虎牙爪，音如鼓音，其名曰駮，是食虎豹，可以禦兵。有木焉，其狀如棠，而員葉赤實，實大如木瓜，名曰櫰木，食之多力。,"中曲之山,櫰木,白玉,木瓜,豹,駮,虎,馬,棠,金",西山經
又西二百六十里，曰邽山。其上有獸焉，其狀如牛，蝟毛，名曰窮奇，音如獋狗，是食人。濛水出焉，南流注于洋水，其中多黃貝，蠃魚，魚身而鳥翼，音如鴛鴦，見則其邑大水。,"獋狗,鴛鴦,邽山,洋水,濛水,蝟,牛,毛",西山經
又西二百二十里，曰鳥鼠同穴之山，其上多白虎、白玉。渭水出焉，而東流注于河。其中多鰠魚，其狀如鱣魚，動則其邑有大兵。濫水出于其西，西流注于漢水。多𩶯魮之魚，其狀如覆銚，鳥首而魚翼魚尾，音如磬石之聲，是生珠玉。,"鳥鼠同穴之山,𩶯魮之魚,白虎,鱣魚,鰠魚,渭水,漢水,濫水,磬石,白玉,珠,銚,河",西山經
西南三百六十里，曰崦嵫之山，其上多丹木，其葉如穀，其實大如瓜，赤符而黑理，食之已癉，可以禦火。其陽多龜，其陰多玉。苕水出焉，而西流注于海，其中多砥礪。有獸焉，其狀馬身而鳥翼，人面蛇尾，是好舉人，名曰孰湖。有鳥焉，其狀如鴞而人面，蜼身犬尾，其名自號也，見則其邑大旱。,"崦嵫之山,孰湖,苕水,丹木,蜼,馬,犬,蛇,鴞,龜,舉,癉,玉,砥,礪",西山經
凡《西次四經》自陰山以下，至於崦嵫之山，凡十九山，三千六百八十里。其祠祀禮，皆用一白鷄祈。糈以稻米，白管為席。,"崦嵫之山,西次四經,白鷄,稻米,管,祈,席,糈",西山經
